NAM SUPPLY,,,,,,,,,
PRODUCT,CATEGORY,UNIT,SUPPLIER,SUPPLIER PRICE,NAM PRICE,MARGIN,,CATEGORY,
2D RING FILE (BLUE),,,, ₱ 135.00 , ₱ 182.25 ,35.00%,,CM – CLEANING / JANITORIAL MATERIALS,
3 - LAYER DRAWER WITH LOCK,FF,PC,, ₱ 800.00 ," ₱ 1,000.00 ",25.00%,,CO – CONSUMABLES / PACKAGING / INDUSTRIAL SUPPLIES,
"3/4"" TEPLON TAPE, TOMBO BRAND",CO,PC,, ₱ 20.00 , ₱ 26.60 ,33.00%,,CU – COMPANY UNIFORM / CLOTHING,
3M MAGIC SCOTCH TAPE 3/4IN X 1296IN / 19MM X 32.9M,OS,PC,, ₱ 150.00 , ₱ 202.50 ,35.00%,,FF – FURNITURE / FIXTURES / FIXED ASSETS,
"8MM X 2"" TOXS WITH FLATHEAD SCREW",MA,PC,, ₱ 2.00 , ₱ 3.99 ,99.50%,,MA – MAINTENANCE / MECHANICAL / HARDWARE,
90% ALCOHOL,CM,GALLON,, ₱ 300.00 , ₱ 405.00 ,35.00%,,MD – MEDICINE / MEDICAL ITEMS,
ACU DRAIN PUMP,TE,PC,, ₱ 219.56 , ₱ 451.44 ,105.61%,,OS – OFFICE SUPPLIES,
ADHESIVE HOOKS,TE,PC,, ₱ -   , ₱ -   ,#DIV/0!,,PPE – PERSONAL PROTECTIVE EQUIPMENT,
ADHESIVE STAR SHELWOOD WHITE GLUE 1 KILO/BOTTLE,TE,BOTTLE,, ₱ -   , ₱ -   ,#DIV/0!,,TE – TOOLS / ENGINEERING / TECHNICAL ITEMS,
ADVANCE RECORD BOOK 500 PAGES (BLUE),OS,PC,, ₱ 141.00 , ₱ 190.44 ,35.06%,,,
AIR FRESHENER,CM,GALLON,, ₱ 225.00 , ₱ 303.75 ,35.00%,,,
ALBATROSS 100G REFILL ONLY (SWEET MARMALADE/LEMON),CM,PC,, ₱ 57.00 , ₱ 76.95 ,35.00%,,,
ALBATROSS SINGLE LEMON BATHROOM DEODORIZER 475ML,CM,PC,, ₱ 37.50 , ₱ 41.88 ,11.68%,,,
ANTI CUT GLOVES,PPE,ROLL,, ₱ 195.35 , ₱ 295.37 ,51.20%,,,
ANGLE BOARD 40MM X 40MM X 4MM X 1000MM,CO,PC,SYNERGY, ₱ 21.00 , ₱ 28.35 ,35.00%,,,
ANGLE BOARD 50MM X 50MM X 4MM X 1000MM,CO,PC,SYNERGY, ₱ 23.00 , ₱ 31.05 ,35.00%,,,
APRON WITH EMBROIDERED COMPANY LOGO,CU,PC,, ₱ 128.00 , ₱ 190.00 ,48.44%,,,
"ARCH FILE A4 (BLACK, BLUE)",OS,PC,, ₱ 101.00 , ₱ 128.25 ,26.98%,,,
ARCH FILE LONG,OS,PC,, ₱ 101.00 , ₱ 128.25 ,26.98%,,,
ARCH FILE SHORT,OS,PC,, ₱ 80.00 , ₱ 101.25 ,26.56%,,,
ARMAK CLOTHDUCT TAPE 48MM X 10M X 2IN,CO,ROLL,ACE HARDWARE STO. TOMAS, ₱ 89.00 , ₱ 120.15 ,35.00%,,,
"ARTLINE WHITEBOARD MARKER 2MM (BLACK, BLUE, RED)",OS,PC,, ₱ 35.00 , ₱ 46.55 ,33.00%,,,
BALLPEN FABER CASTELL (BLACK),OS,PC,, ₱ 23.00 , ₱ 31.05 ,35.00%,,,
"BALLPEN FLEXSTICK 0.5MM (BLACK, RED)",OS,PC,, ₱ 4.00 , ₱ 6.06 ,51.50%,,,
BALLPEN MATRIX (BLACK),OS,PC,, ₱ 4.20 , ₱ 5.25 ,25.00%,,,
BATMASU-1333 PRESSURE GAUGE 63MM FACE DIA.,MA,UNIT,," ₱ 5,250.00 "," ₱ 6,400.00 ",21.90%,,,
BATMASU-95 CDLC16/WSF14 MECHANICAL SHAFT SEALS 16MM,MA,UNIT,," ₱ 3,175.00 "," ₱ 4,450.00 ",40.16%,,,
BIG CUTTER BLADES (10 PCS/PACK),OS,PACK,, ₱ -   , ₱ -   ,#DIV/0!,,,
"BINDER CLIP 1 1/4""",OS,BOX,, ₱ 24.00 , ₱ 31.92 ,33.00%,,,
"BINDER CLIP 1 5/8""",OS,BOX,, ₱ 40.00 , ₱ 53.20 ,33.00%,,,
"BINDER CLIP 1""",OS,BOX,, ₱ 17.00 , ₱ 22.40 ,31.76%,,,
"BINDER CLIP 2""",OS,BOX,, ₱ 58.00 , ₱ 77.14 ,33.00%,,,
"BINDER CLIP 3/4""",OS,BOX,, ₱ 12.00 , ₱ 15.96 ,33.00%,,,
BINDER CLIP LARGE,OS,BOX,, ₱ 55.00 , ₱ 68.75 ,25.00%,,,
BINDER CLIP MEDIUM,OS,BOX,, ₱ 22.00 , ₱ 27.50 ,25.00%,,,
BINDER CLIP SMALL,OS,BOX,, ₱ 16.00 , ₱ 20.00 ,25.00%,,,
BLUE ENVELOPE WITH GARTER LONG,OS,PC,, ₱ -   , ₱ -   ,#DIV/0!,,,
BRASS FULL BORE 2 WAY BALL VALVE 1 1/2'',TE,UNIT,," ₱ 3,300.00 "," ₱ 4,480.00 ",35.76%,,,
BRASS FULL BORE 2 WAY BALL VALVE 1 1/4'',TE,UNIT,," ₱ 3,000.00 "," ₱ 3,584.00 ",19.47%,,,
BRASS FULL BORE 2 WAY BALL VALVE 1'',TE,UNIT,," ₱ 2,500.00 "," ₱ 3,072.00 ",22.88%,,,
BROOM PLASTIC,CM,PC,, ₱ 42.00 , ₱ 59.85 ,42.50%,,,
BROOM SOFT BAGUIO,CM,PC,, ₱ 212.95 , ₱ 287.50 ,35.01%,,,
"BROTHER BTD100 (BLACK, CYAN, MAGENTA, YELLOW)",OS,PC,, ₱ 430.00 , ₱ 571.90 ,33.00%,,,
BROTHER DCP 2540DW INK CARTRIDGE,OS,PC,," ₱ 1,300.00 "," ₱ 1,755.00 ",35.00%,,,
BROTHER TZ-231 BLACK ON WHITE LABEL TAPE 12MM,MA,PC,, ₱ 98.00 , ₱ 133.00 ,35.71%,,,
BROWN ENVELOPE LONG,OS,PC,PAMCO, ₱ 1.70 , ₱ 2.30 ,35.00%,,,
BROWN ENVELOPE SHORT,OS,PC,PAMCO, ₱ 2.25 , ₱ 3.04 ,35.00%,,,
"BUBBLE WRAP PINK WITH ANTI STATIC 40"" X 100",CO,ROLL,BETAFOAM," ₱ 1,250.00 "," ₱ 1,687.50 ",35.00%,,,
CABLE TIE 4X200 (100PCS/PACK),OS,PACK,, ₱ 37.00 , ₱ 49.95 ,35.00%,,,
CABLE TIE 5X300 (100PCS/PACK),OS,PACK,, ₱ 75.00 , ₱ 101.25 ,35.00%,,,
CALCULATOR 12 DIGITS,OS,UNITS,, ₱ 400.00 , ₱ 540.00 ,35.00%,,,
CARBONLESS CONTINUOUS FORM 3P,OS,PC,SHOPEE (HTTPS://SHOPEE.PH/3PLY-CARBONLESS-CONTINUOUS-FORM-9.5-X-11-ALL-WHITE-I.172143276.2705556372), ₱ 849.00 ," ₱ 1,146.15 ",35.00%,,,
CARBONLESS CONTINUOUS FORM 4P,OS,PC,SHOPEE (HTTPS://SHOPEE.PH/4PLY-CARBONLESS-CONTINUOUS-FORM-9.5-X-11-COLORED-I.172143276.2705739096), ₱ 899.00 ," ₱ 1,213.65 ",35.00%,,,
CARD CASE A3,OS, PC ,, ₱ 42.00 , ₱ 56.70 ,35.00%,,,
CARD CASE A4,OS, PC ,, ₱ 22.00 , ₱ 29.70 ,35.00%,,,
CASIO CALCULATOR MX12,OS,PC,PAMCO, ₱ 340.00 , ₱ 452.20 ,33.00%,,,
CERN ALCOHOL 99%,CM,GALLON,, ₱ -   , ₱ -   ,#DIV/0!,,,
CHILLER FUJIDENSO ISU143A3,FF,PC,," ₱ 31,000.00 "," ₱ 38,562.40 ",24.39%,,,
CHIRP WHITEBOARD ERASER,OS,PC,, ₱ 18.00 , ₱ 24.30 ,35.00%,,,
CHOPSTICK (100 PCS/PACK),OS,PACK,SHOPPEE, ₱ -   , ₱ -   ,#DIV/0!,,,
CLEARBOOK A4,OS,UNITS,, ₱ 40.00 , ₱ 54.00 ,35.00%,,,
CLEARBOOK LONG,OS,PC,, ₱ 30.00 , ₱ 39.90 ,33.00%,,,
CLEARBOOK REFILL,OS,BOX,PAMCO, ₱ 85.00 , ₱ 114.75 ,35.00%,,,
CLEARBOOK SHORT,OS,PC,PAMCO, ₱ 25.00 , ₱ 33.75 ,35.00%,,,
CLEARSHEET 9.5IN X 15IN,OS,PC,, ₱ 33.33 , ₱ 45.00 ,35.01%,,,
CLEARSHEET A4,OS,REAM,, ₱ 130.00 , ₱ 175.50 ,35.00%,,,
CLIPBOARD ACCOUNTING LONG,OS,PC,, ₱ 91.00 , ₱ 121.03 ,33.00%,,,
CLIPBOARD ACCOUNTING SHORT,OS,PC,, ₱ 80.00 , ₱ 106.40 ,33.00%,,,
CLIPBOARD HARD PLASTIC LONG,OS,PC,, ₱ 43.00 , ₱ 57.19 ,33.00%,,,
CLIPBOARD HARD PLASTIC SHORT,OS,PC,, ₱ 42.00 , ₱ 55.86 ,33.00%,,,
CLIPBOARD LONG,OS,PC,PAMCO, ₱ 41.00 , ₱ 58.05 ,41.59%,,,
CLIPBOARD SHORT,OS,PC,PAMCO, ₱ 40.00 , ₱ 54.00 ,35.00%,,,
CLUB CARBON PAPER (LONG),OS,PACK,, ₱ 520.00 , ₱ 793.80 ,52.65%,,,
COATED CLIPS NO.33,OS,PC,, ₱ 9.00 , ₱ 12.15 ,35.00%,,,
COIN ENVELOPE NO. 6,OS, BOX ,, ₱ -   , ₱ -   ,#DIV/0!,,,
COMIX,OS,PACK,, ₱ -   , ₱ -   ,#DIV/0!,,,
COOLING MOTOR,MA,PC,," ₱ 41,872.00 "," ₱ 82,866.37 ",97.90%,,,
COPY PAPER A3,OS,REAM,, ₱ 320.00 , ₱ 432.00 ,35.00%,,,
CORRECTION TAPE 8M,OS,PC,, ₱ 18.00 , ₱ 23.94 ,33.00%,,,
CORRECTION TAPE REPLACEMENT TAPE,OS,PC,, ₱ 42.00 , ₱ 56.70 ,35.00%,,,
CORRUGATED BOARD 1040MM X 360MM X 6MM,CO,PC,GGC MARKETING , ₱ 19.00 , ₱ 25.65 ,35.00%,,,
CORRUGATED BOARD 1040MM X 775MM X 6MM,CO,PC,GGC MARKETING , ₱ 35.00 , ₱ 47.25 ,35.00%,,,
CORRUGATED BOARD 775MM X 360MM X 6MM,CO,PC,GGC MARKETING , ₱ 15.50 , ₱ 20.93 ,35.03%,,,
COTTON GLOVES WITH RUBBER,PPE,PC,, ₱ 40.35 , ₱ 61.01 ,51.20%,,,
CUT OF WHEEL,MA,UNIT,, ₱ -   , ₱ -   ,#DIV/0!,,,
CUTTER,OS,PC,, ₱ 24.00 , ₱ 50.00 ,108.33%,,,
CUTTER BIG,OS,PC,, ₱ 10.00 , ₱ 13.50 ,35.00%,,,
CUTTER BLADES 9MM (10 PCS PER PACK),OS,PACK,, ₱ -   , ₱ -   ,#DIV/0!,,,
CUTTER SMALL,OS,PC,, ₱ -   , ₱ -   ,#DIV/0!,,,
CUTTING DISC 4'' X 1MM,TE,UNIT,, ₱ 49.75 , ₱ 64.68 ,30.01%,,,
DEFORMED BAR - 12MM,MA,UNIT,, ₱ -   , ₱ -   ,#DIV/0!,,,
DELI DOUBLE-HEAD MARKER,OS,PC,, ₱ 47.25 , ₱ 63.00 ,33.33%,,,
DISH CLOTH TOWEL,CM,UNIT,, ₱ 59.26 , ₱ 80.00 ,35.00%,,,
DN100 GLOVE VALVE,TE,UNIT,," ₱ 37,200.00 "," ₱ 44,032.00 ",18.37%,,,
DN125 WELDED FLANGE 8HOLES,TE,UNIT,, ₱ 350.00 , ₱ 448.00 ,28.00%,,,
DN150 WELDED FLANGE 6'',TE,UNIT,, ₱ 465.00 , ₱ 595.00 ,27.96%,,,
DN50 WELDED FLANGE 2'',TE,UNIT,, ₱ 170.00 , ₱ 217.60 ,28.00%,,,
"DONG A  0.3 (BLUE, BLACK)",OS,PC,PAMCO, ₱ 19.00 , ₱ 25.65 ,35.00%,,,
"DONG A  0.5 (BLUE, BLACK, RED)",OS,PC,PAMCO, ₱ 17.50 , ₱ 23.63 ,35.03%,,,
"DONG A FINETECH 0.3 ( BLACK, RED )",OS, PC ,, ₱ 24.00 , ₱ 39.90 ,66.25%,,,
"DONG A MY GEL 0.3 ( BLACK, BLUE )",OS,PC,, ₱ 20.00 , ₱ 26.60 ,33.00%,,,
"DONG A MY GEL 0.5 ( BLACK, BLUE, RED )",OS, PC ,, ₱ 19.00 , ₱ 25.27 ,33.00%,,,
DOUBLE SIDED ADHESIVE TAPE ROLLER,OS,PC,, ₱ 54.00 , ₱ 72.90 ,35.00%,,,
DOUBLE SIDED ADHESIVE TAPE ROLLER 4 PIECES PER PACK,OS,PACK,, ₱ 170.00 , ₱ 229.50 ,35.00%,,,
"DOUBLE SIDED TAPE 1"" CROCO",OS,ROLL,, ₱ 20.00 , ₱ 26.60 ,33.00%,,,
"DOUBLE SIDED TAPE 1/2"" X 10M CROCO",OS,ROLL,, ₱ 11.00 , ₱ 14.85 ,35.00%,,,
DOUBLE SIDED TAPE 3/4 CROCO,OS,ROLL,, ₱ 23.00 , ₱ 31.00 ,34.78%,,,
DOUBLE SIDED TAPE FOAM,OS,ROLL,, ₱ 64.00 , ₱ 86.40 ,35.00%,,,
DOUBLE SIDED TAPE INDOOR MOUNTING TAPE,OS,ROLL,, ₱ 180.00 , ₱ 261.90 ,45.50%,,,
DOUBLE SIDED TAPE KING 1 INCH,OS,ROLL,, ₱ 19.00 , ₱ 25.65 ,35.00%,,,
"DOUBLE SIDED TAPE WITH FOAM 1""",OS,ROLL,, ₱ 64.00 , ₱ 86.40 ,35.00%,,,
DOWNY FABRIC CONDITIONER,CM,PC,, ₱ 125.93 , ₱ 170.00 ,35.00%,,,
DOWNY SUNRISE 600ML,CM,PC,, ₱ 158.75 , ₱ 196.25 ,23.62%,,,
DUST PAN,CM,PC,, ₱ 80.00 , ₱ 100.00 ,25.00%,,,
EARPLUG ORANGE/YELLOW,PPE,PC,, ₱ 50.35 , ₱ 76.13 ,51.20%,,,
ELMER'S GLUE ALL MULTIPURPOSE (40G),OS,PC,, ₱ 37.02 , ₱ 50.00 ,35.06%,,,
ENERGIZER BATTERY AA (4 PCS/PACK),OS,PACK,, ₱ 206.20 , ₱ 278.37 ,35.00%,,,
ENERGIZER BATTERY AAA (4 PCS/PACK),OS,PACK,, ₱ 249.50 , ₱ 336.83 ,35.00%,,,
EPSON INK 001 (BLACK),OS,BOTTLE,, ₱ 575.00 , ₱ 776.25 ,35.00%,,,
"EPSON INK 001 (CYAN, MAGENTA, YELLOW)",OS,BOTTLE,, ₱ 430.00 , ₱ 580.50 ,35.00%,,,
EPSON INK 003 (BLACK),,,,,,,,,
"EPSON INK 003 (CYAN, MAGENTA, YELLOW)",OS,BOTTLE,, ₱ 310.00 , ₱ 405.65 ,30.85%,,,
EPSON INK 664 (BLACK),,,,,,,,,
"EPSON INK 664 (CYAN, MAGENTA, YELLOW)",OS,BOTTLE,, ₱ 305.00 , ₱ 405.65 ,33.00%,,,
"EPSON INK CARTRIDGE LK-4YB (YELLOW, WHITE) 12MM X 9M",OS,PACK,, ₱ 500.00 , ₱ 675.00 ,35.00%,,,
EPSON RIBBON CARTRIDGE LQ 310,OS,PC,PC EXPRESS, ₱ 190.00 , ₱ 256.50 ,35.00%,,,
ERASER,OS,PC,, ₱ 20.00 , ₱ 25.00 ,25.00%,,,
ESP32 ESP32S 18650 BATTERY CHARGE SHIELD BOARD V3 MICRO USB PORT TYPE-A USB 0.5A,OS,PC,SHOPEE, ₱ 130.00 , ₱ 175.50 ,35.00%,,,
EVEREADY BATTERY AA (4 PCS/PACK) BLACK,OS,PACK,, ₱ 86.50 , ₱ 116.78 ,35.00%,,,
EVEREADY BATTERY AAA (4 PCS/PACK) BLACK,OS,PACK,, ₱ 118.20 , ₱ 159.57 ,35.00%,,,
EVERLASTING RUBBER BAND 50G,OS,BOX,PAMCO, ₱ 21.00 , ₱ 28.35 ,35.00%,,,
EXCEL PHOTOPAPER GLOSSY A4 200GSM 20 SHEETS/PACK,OS,PACK,, ₱ 60.00 , ₱ 81.00 ,35.00%,,,
"EXPANDABLE FOLDER LONG (BLUE, GREEN, LIGHT GREEN)",OS,PC,, ₱ 23.00 , ₱ 31.05 ,35.00%,,,
"EXPANDABLE FOLDER SHORT (BLUE, GREEN)",OS,PC,, ₱ 18.00 , ₱ 23.40 ,30.00%,,,
"FABER CASTELL GEL PEN 0.7 - 10 PIECES/PACK (BLACK, BLUE, RED)",OS,BOX,ONLINE, ₱ 471.00 , ₱ 635.85 ,35.00%,,,
"FABER CASTELL GEL PEN 0.7 (BLACK, BLUE, RED)",OS,PC,ONLINE, ₱ 47.10 , ₱ 63.59 ,35.01%,,,
"FABER CASTELL HIGHLIGHTER (NEON GREEN, YELLOW GREEN)",OS,PC,, ₱ 45.00 , ₱ 60.75 ,35.00%,,,
"FABER CASTELL PEN 0.5 (BLACK, BLUE, RED)",OS,PC,, ₱ 4.00 , ₱ 5.40 ,35.00%,,,
FABRIC CONDITIONER,CM,GALLON,SABON STATION, ₱ 140.00 , ₱ 189.00 ,35.00%,,,
FILE FOLDER ACCORDION,OS,PC,, ₱ -   , ₱ -   ,#DIV/0!,,,
FILE ORGANIZER BOX,OS,PC,, ₱ 200.00 , ₱ 250.00 ,25.00%,,,
FILLING TRAY METAL DOUBLE (DETACHABLE),OS,UNIT,, ₱ 325.00 , ₱ 432.25 ,33.00%,,,
FILLING TRAY METAL DOUBLE (FIXED),OS,UNIT,, ₱ 595.00 , ₱ 791.35 ,33.00%,,,
FILLING TRAY METAL TRIPLE (DETACHABLE),OS,UNIT,, ₱ 395.00 , ₱ 525.35 ,33.00%,,,
FILLING TRAY METAL TRIPLE (FIXED),OS,UNIT,, ₱ 695.00 , ₱ 924.35 ,33.00%,,,
FILLING TRAY PLASTIC DOUBLE,OS,UNIT,, ₱ 280.00 , ₱ 378.00 ,35.00%,,,
FILLING TRAY PLASTIC TRIPLE,OS,UNIT,, ₱ 420.00 , ₱ 558.60 ,33.00%,,,
"FLEXSTICK PEN (BLACK, BLUE, RED)",OS,PC,ONLINE, ₱ 4.00 , ₱ 5.40 ,35.00%,,,
FOCUS BRIGHTS COLORED PAPER SHORT 75GSM 250 SHEETS (ORANGE),OS,REAM,, ₱ 220.00 , ₱ 297.00 ,35.00%,,,
"FOCUS COLORED PAPER A4 (PEACH, TARO)",OS, REAM ,, ₱ 278.00 , ₱ 385.00 ,38.49%,,,
"FOCUS COLORED PAPER A4 (PINK, YELLOW, GREEN, LIGHT BLUE, VIOLET)",OS, REAM ,, ₱ 275.00 , ₱ 349.25 ,27.00%,,,
FOLDER LONG (WHITE),OS,PC,, ₱ 3.80 , ₱ 4.63 ,21.84%,,,
FOLDER SHORT (GREEN),OS,PC,, ₱ 7.00 , ₱ 9.45 ,35.00%,,,
G.I WIRE NO. 16,MA,PC,, ₱ 100.00 , ₱ 112.00 ,12.00%,,,
GALLON,CM,GALLON,, ₱ 246.30 , ₱ 332.50 ,35.00%,,,
GARBAGE BAG LARGE 100S,CM,PACK,VISPO, ₱ 220.00 , ₱ 317.25 ,44.20%,,,
GARBAGE BAG MEDIUM 100S,CM,PACK,VISPO, ₱ 140.00 , ₱ 189.00 ,35.00%,,,
GARBAGE BAG SMALL 100S,CM,PACK,VISPO, ₱ 80.00 , ₱ 108.00 ,35.00%,,,
GARBAGE BAG XL 100S,CM,PACK,VISPO, ₱ 320.00 , ₱ 432.00 ,35.00%,,,
GARBAGE BAG XXL 100S,CM,PACK,VISPO, ₱ 460.00 , ₱ 621.00 ,35.00%,,,
GLADE AIR FRESHENER SCENTED GEL  180G,CM,PC,, ₱ 108.95 , ₱ 215.50 ,97.80%,,,
GLASS CLEANER,CM,GALLON,, ₱ 90.00 , ₱ 192.19 ,113.54%,,,
GLUE STICK BIG,OS,PC,, ₱ 8.00 , ₱ 10.80 ,35.00%,,,
GLUE STICK SMALL,OS,PC,, ₱ -   , ₱ -   ,#DIV/0!,,,
"GOLD CARBON PAPER LONG (BLACK, BLUE)",OS,PACK,, ₱ 520.00 , ₱ 691.60 ,33.00%,,,
"GOLD CARBON PAPER SHORT (BLACK, BLUE)",OS,PACK,, ₱ 500.00 , ₱ 665.00 ,33.00%,,,
GREASE PASTE HEAT 15GRAMS,TE,PC,, ₱ 20.00 , ₱ 66.50 ,232.50%,,,
GUARDIAN ALCOHOL 70%,CM,GALLON,, ₱ -   , ₱ -   ,#DIV/0!,,,
HAND SOAP,CM,PC,, ₱ 81.48 , ₱ 110.00 ,35.00%,,,
HARD HAT,PPE,PC,SACRAMENTO, ₱ 120.00 , ₱ 162.00 ,35.00%,,,
HARDCOPY A3 BONDPAPER,OS,REAM,, ₱ 520.00 , ₱ 702.00 ,35.00%,,,
HARDCOPY A4 BONDPAPER,OS,REAM,, ₱ 138.00 , ₱ 207.90 ,50.65%,,,
HARDCOPY LONG BONDPAPER,OS,REAM,, ₱ 175.00 , ₱ 249.75 ,42.71%,,,
HARDCOPY SHORT BONDPAPER,OS,REAM,, ₱ 148.00 , ₱ 174.00 ,17.57%,,,
HBW CORRECTION TAPE,OS,PC,, ₱ 15.00 , ₱ 23.00 ,53.33%,,,
"HBW MATRIX BALLPEN ( BLACK, RED )",OS,PC,, ₱ 4.00 , ₱ 5.32 ,33.00%,,,
HBW MATRIX OG-5 REGULAR BALLPEN (BLACK),OS,PC,, ₱ 7.00 , ₱ 9.45 ,35.00%,,,
"HBW MATRIX OIL GEL PEN (BLACK, RED)",OS,PC,, ₱ 4.20 , ₱ 5.67 ,35.00%,,,
"HBW PANDA BALLPEN (BLACK, RED, BLUE)",OS,PC,, ₱ 4.30 , ₱ 5.72 ,33.02%,,,
"HBW PEN 2000 (BLACK, BLUE, RED)",OS,PC,, ₱ -   , ₱ -   ,#DIV/0!,,,
"HBW PERMANENT MARKER (BLACK, BLUE, RED)",OS,PC,, ₱ 10.00 , ₱ 13.50 ,35.00%,,,
HBW SCISSORS 6.5 INCHES,OS,PC,, ₱ 35.00 , ₱ 47.25 ,35.00%,,,
HBW STAMP PAD INK 30 ML BLUE,OS,BOTTLE,, ₱ -   , ₱ -   ,#DIV/0!,,,
"HBW STAMP PAD INK 60ML (BLACK, BLUE, RED, GREEN)",OS, BOTTLE ,, ₱ 17.00 , ₱ 22.95 ,35.00%,,,
HBW STICKY NOTES 3X2,OS,PAD,, ₱ -   , ₱ -   ,#DIV/0!,,,
HBW STICKY NOTES 3X3,OS,PAD,, ₱ 18.00 , ₱ 24.30 ,35.00%,,,
HBW STICKY NOTES 3X5,OS,PAD,, ₱ -   , ₱ -   ,#DIV/0!,,,
"HBW WHITEBOARD  MARKER (BLACK, BLUE, RED)",OS,PC,PAMCO, ₱ 20.00 , ₱ 27.00 ,35.00%,,,
HEADLIGHT,PPE,PC,, ₱ 235.35 , ₱ 355.85 ,51.20%,,,
HEAVY DUTY PUNCHER KING,OS,PC,, ₱ -   , ₱ -   ,#DIV/0!,,,
HEXAGONAL NUT 1/4 SS,MA,PC,, ₱ 3.50 , ₱ 4.50 ,28.57%,,,
HEXAGONAL NUT M8 SS,MA,PC,, ₱ 3.95 , ₱ 5.50 ,39.24%,,,
HONGLI 3000MAH 3.7V 18650 BATTERY - RECHARGABLE FLAT HEAD,OS,PC,SHOPEE, ₱ 45.00 , ₱ 60.75 ,35.00%,,,
ID CARD HOLDER,OS,PC,FORMOSA, ₱ 8.00 , ₱ 10.80 ,35.00%,,,
ID CLIP METAL,OS,PC,, ₱ 2.00 , ₱ 2.70 ,35.00%,,,
"JACK WRAP BLUE 23U X 500MM X 5KG 3"" CORE",CO,ROLL,RSIM, ₱ 665.00 , ₱ 897.75 ,35.00%,,,
"JACK WRAP CLEAR 23U X 500MM X 5KG 3"" CORE",CO,ROLL,RSIM, ₱ 465.00 , ₱ 627.75 ,35.00%,,,
JOY BINDER CLIP  1 5/8,OS,BOX,PAMCO, ₱ 36.00 , ₱ 48.60 ,35.00%,,,
"JOY BINDER CLIP 1 1/4""",OS,BOX,PAMCO, ₱ 26.00 , ₱ 29.70 ,14.23%,,,
"JOY BINDER CLIP 1""",OS,BOX,PAMCO, ₱ 16.00 , ₱ 21.60 ,35.00%,,,
"JOY BINDER CLIP 2""",OS,BOX,PAMCO, ₱ 55.00 , ₱ 74.25 ,35.00%,,,
"JOY BINDER CLIP 3/4""",OS,BOX,PAMCO, ₱ 11.00 , ₱ 14.85 ,35.00%,,,
JOY CORRECTION TAPE 8M,OS,PC,, ₱ 25.00 , ₱ 33.75 ,35.00%,,,
JOY DISHWASHING LIQUID,CM,PC,, ₱ 109.00 , ₱ 147.15 ,35.00%,,,
JOY DISHWASHING LIQUID KALAMANSI 475ML,CM,PC,, ₱ 120.00 , ₱ 161.25 ,34.38%,,,
JOY MATTE STICKER PAPER 100 PIECES,OS,PC,, ₱ 330.00 , ₱ 445.50 ,35.00%,,,
JOY PLASTIC RULER,OS,PC,, ₱ 4.15 , ₱ 5.40 ,30.12%,,,
JOY SAPLER NO. 10,OS,PC,, ₱ 40.00 , ₱ 54.00 ,35.00%,,,
"JOY SCISSOR 8""",OS,PC,, ₱ 26.00 , ₱ 35.10 ,35.00%,,,
JOY STAPLER WITH REMOVER,OS,PC,, ₱ 77.00 , ₱ 103.95 ,35.00%,,,
JOY TICKET PUNCH,OS,PC,, ₱ 28.00 , ₱ 37.80 ,35.00%,,,
KAMI BATHROOM TISSUE 11+1 PER 12X12,CM,PACK,, ₱ 105.00 , ₱ 141.75 ,35.00%,,,
KING HEAVY DUTY TAPE DISPENSER,OS,PC,, ₱ 80.00 , ₱ 108.00 ,35.00%,,,
KRAFT PAPER ROLL 36IN X 30M,CO,ROLL,SHOPEE, ₱ 470.00 , ₱ 634.50 ,35.00%,,,
L-TYPE CLEAR FOLDER A4 12 PIECES PER PACK,OS,PACK,, ₱ 48.00 , ₱ 64.80 ,35.00%,,,
L-TYPE CLEAR FOLDER LONG 12 PIECES PER PACK,OS,PACK,, ₱ 53.00 , ₱ 71.55 ,35.00%,,,
L-TYPE CLEAR FOLDER SHORT 12 PIECES PER PACK,OS, PACK ,, ₱ 48.00 , ₱ 63.84 ,33.00%,,,
L-TYPE PLASTIC FOLDER A4,OS,PACK,ONLINE, ₱ 36.40 , ₱ 49.14 ,35.00%,,,
L-TYPE SHORT/A4,OS, PACK ,, ₱ 48.00 , ₱ 63.84 ,33.00%,,,
"LABELING TAPE (GREEN, YELLOW)",OS,ROLL,, ₱ 13.00 , ₱ 17.55 ,35.00%,,,
LABORATORY GOWN WITH EMBROIDERED COMPANY LOGO,CU,PC,, ₱ 451.00 , ₱ 700.00 ,55.21%,,,
LAMINATING FILM A3,OS, REAM ,, ₱ 950.00 ," ₱ 1,282.50 ",35.00%,,,
LAMINATING FILM A4,OS, REAM ,PAMCO, ₱ 460.00 , ₱ 675.00 ,46.74%,,,
LAMINATING FILM A4 125 MIC,OS,PACK,, ₱ 490.00 , ₱ 651.70 ,33.00%,,,
LAMINATING FILM ID,OS,PACK,, ₱ 130.00 , ₱ 175.50 ,35.00%,,,
LAMINATING FILM ID SIZE 65X95 250MIC,OS,PACK,, ₱ 110.00 , ₱ 146.30 ,33.00%,,,
LAMINATING FILM ID SIZE LCT BRAND,OS, REAM ,, ₱ -   , ₱ -   ,#DIV/0!,,,
LAMINATING FILM ID SIZE TIGER HEAD BRAND,OS, REAM ,PAMCO, ₱ 100.00 , ₱ 135.00 ,35.00%,,,
LASERCOPY A4,OS,REAM,, ₱ -   , ₱ -   ,#DIV/0!,,,
"LCT STAMP PAD INK 30ML (BLACK, BLUE)",OS,BOTTLE,, ₱ 20.00 , ₱ 27.00 ,35.00%,,,
LEVER ARCH FILE 9.5INCH X 15 INCH (BLACK),OS,PC,, ₱ 150.00 , ₱ 202.50 ,35.00%,,,
LEVER ARCH FILE A4 (BLACK),OS,PC,, ₱ 120.00 , ₱ 162.00 ,35.00%,,,
LOGITECH K120+8100 WIRELESS KEYBOARD AND MOUSE (BLACK),OS,PAIR,PC EXPRESS, ₱ 650.00 , ₱ 877.50 ,35.00%,,,
LONG EXPANDABLE FOLDER (GREEN),OS,PC,, ₱ 13.00 , ₱ 20.25 ,55.77%,,,
LONG TUBE CLEANING BRUSH 5 PIECES,CM,PACK,, ₱ 55.00 , ₱ 74.25 ,35.00%,,,
LONGSLEEVE SHIRT BLUE FREESIZE,CU,PC,SHOPEE, ₱ 125.00 , ₱ 168.75 ,35.00%,,,
LYSOL PINK,CM,GALLON,, ₱ 255.00 , ₱ 344.47 ,35.09%,,,
M&G 0.5 BALLPEN 50S (BLACK),OS,PC,, ₱ 622.22 , ₱ 840.00 ,35.00%,,,
MARKER PILOT REFILL INK (BLUE),OS,PC,, ₱ 64.00 , ₱ 92.00 ,43.75%,,,
"MASKING TAPE 1""",OS,ROLL,, ₱ 32.00 , ₱ 47.25 ,47.66%,,,
MATRIX RIBBON REFILL,OS, PC ,, ₱ -   , ₱ -   ,#DIV/0!,,,
MAX STAPLE WIRE #35,OS, BOX ,, ₱ -   , ₱ -   ,#DIV/0!,,,
MAXELL ALCALINE BATTERY 1.5V LR1130/189 (ROUND BATTERY),CO,PC,, ₱ 47.25 , ₱ 63.79 ,35.00%,,,
MAXELL CR1220 LITHIUM 3V BATTERY (5 PIECES),CO,PACK,SHOPEE (HTTPS://SHOPEE.PH/MAXELL-CR1220-LITHIUM-3V-BATTERY-ORIGINAL-I.1076877712.22081373068?), ₱ 150.00 , ₱ 202.50 ,35.00%,,,
MECHANICAL PENCIL,OS,PC,, ₱ 70.00 , ₱ 94.50 ,35.00%,,,
MECHANICAL PENCIL REFILL LEADS,OS,PACK,, ₱ 50.00 , ₱ 67.50 ,35.00%,,,
MEDIUM PLASTIC TUPPERWARE CLEAR,CM,PC,, ₱ 59.26 , ₱ 80.00 ,35.00%,,,
METAL FASTENER LONG,OS,BOX,FORMOSA, ₱ 150.00 , ₱ 202.50 ,35.00%,,,
METAL FASTENER SHORT,OS,BOX,FORMOSA, ₱ 45.00 , ₱ 60.75 ,35.00%,,,
"METAL RULER 12""",OS, PC ,, ₱ 30.00 , ₱ 39.90 ,33.00%,,,
METAL STACKABLE TRAY (3 LAYER) ,OS,PC,SHOPEE (HTTPS://SHOPEE.PH/METAL-TRAY-DESK-ORGANIZER-(LEGAL-SIZE)-2-3-LAYER-I.294789415.18691324982?)," ₱ 1,200.00 "," ₱ 1,620.00 ",35.00%,,,
MIMEO PAPER (480 SHEETS) NEWSPRINT LETTER SIZE,OS,REAM,, ₱ -   , ₱ -   ,#DIV/0!,,,
MONGOL PENCIL NO. 2,OS, PC ,, ₱ 11.25 , ₱ 15.19 ,35.02%,,,
MONGOL PENCIL NO. 2 PER BOX,OS,BOX,, ₱ 112.50 , ₱ 151.88 ,35.00%,,,
MOP WITH HANDLE,CM,PC,, ₱ 95.00 , ₱ 125.00 ,31.58%,,,
MOTOLITE BATTERY,MA,PC,," ₱ 6,000.00 "," ₱ 7,200.00 ",20.00%,,,
NAM BUILDERS NEWSPRINT  SHORT,OS,REAM,, ₱ 82.00 , ₱ 109.06 ,33.00%,,,
NAM BUILDERS NEWSPRINT A4,OS,REAM,, ₱ 84.00 , ₱ 113.40 ,35.00%,,,
"NAPPCO COLORED PAPER A4 80GSM 500 SHEETS (BLUE, GREEN, YELLOW)",OS,REAM,, ₱ 345.00 , ₱ 500.00 ,44.93%,,,
NEW FEDERAL ALCOHOL 70%,CM,GALLON,, ₱ -   , ₱ -   ,#DIV/0!,,,
NEWSPRINT (VAN HAWK) SHORT,OS,REAM,, ₱ -   , ₱ -   ,#DIV/0!,,,
NEWSPRINT A4,OS,REAM,, ₱ 84.00 , ₱ 111.72 ,33.00%,,,
NEWSPRINT SHORT,OS,REAM,, ₱ 82.00 , ₱ 109.06 ,33.00%,,,
NOTEBOOK SPIRAL,OS,PC,, ₱ 13.80 , ₱ 18.63 ,35.00%,,,
ORDINARY COTTON GLOVES,PPE,PC,, ₱ 30.35 , ₱ 45.89 ,51.20%,,,
ORDINARY PLASTIC FASTENER,OS,PC,, ₱ 32.00 , ₱ 43.20 ,35.00%,,,
OREX FACE MASK,OS,BOX,, ₱ -   , ₱ -   ,#DIV/0!,,,
"ORION RULER 12""",OS, PC ,, ₱ 48.00 , ₱ 63.84 ,33.00%,,,
ORIONS PLASTIC RULER,OS,PC,, ₱ 45.00 , ₱ 60.75 ,35.00%,,,
PACKAGING TAPE (SYNERGY),OS,ROLL,, ₱ 37.00 , ₱ 51.87 ,40.19%,,,
"PACKAGING TAPE 2""",OS,ROLL,, ₱ 40.00 , ₱ 53.20 ,33.00%,,,
"PACKAGING TAPE 2"" KING",OS,ROLL,, ₱ 33.00 , ₱ 44.55 ,35.00%,,,
"PACKAGING TAPE 2"" X 100 50U",CO,ROLL,ZOIERAIN, ₱ 31.00 , ₱ 41.85 ,35.00%,,,
"PACKAGING TAPE 2"" X 50 50U",CO,ROLL,ZOIERAIN, ₱ 18.00 , ₱ 24.30 ,35.00%,,,
"PACKAGING TAPE 3"" CLEAR",OS,ROLL,, ₱ 22.00 , ₱ 29.70 ,35.00%,,,
"PACKAGING TAPE 3"" X 100 45U",CO,ROLL,ZOIERAIN, ₱ 43.00 , ₱ 58.05 ,35.00%,,,
"PACKAGING TAPE 3"" X 100 50U",CO,ROLL,ZOIERAIN, ₱ 44.00 , ₱ 59.40 ,35.00%,,,
"PACKAGING TAPE 3"" X 50 45U",CO,ROLL,ZOIERAIN, ₱ 21.50 , ₱ 29.03 ,35.02%,,,
"PACKAGING TAPE 3"" X 50 50U",CO,ROLL,ZOIERAIN, ₱ 22.00 , ₱ 29.70 ,35.00%,,,
PACKAGING TAPE 3X100 CLEAR,OS,ROLL,, ₱ 44.00 , ₱ 59.40 ,35.00%,,,
"PACKING TAPE 2"" X 50M (BROWN)",CO,ROLL,, ₱ 140.00 , ₱ 189.00 ,35.00%,,,
"PAINT MARKER 2.3MM TIP (BLACK, WHITE)",OS,PC,, ₱ 10.00 , ₱ 12.50 ,25.00%,,,
PANASONIC BATTERY AA (4PCS/PACK),OS,PACK,, ₱ 88.00 , ₱ 118.80 ,35.00%,,,
PANASONIC BATTERY AAA (2PCS/PACK),OS,PACK,, ₱ 56.00 , ₱ 75.60 ,35.00%,,,
PANASONIC LITHIUM BATTERY 3V CR2430 (ROUND BATTERY),OS,PC,, ₱ -   , ₱ -   ,#DIV/0!,,,
"PANDA 757 (BLACK, BLUE, RED)",OS,PC,PAMCO, ₱ 4.50 , ₱ 6.08 ,35.00%,,,
"PANDA CLASSIC (BLACK, BLUE, RED)",OS,PC,PAMCO, ₱ 4.30 , ₱ 5.81 ,35.00%,,,
PAPER CLIP BIG,OS,BOX,, ₱ 19.00 , ₱ 25.27 ,33.00%,,,
PAPER CLIP SMALL,OS,BOX,, ₱ 9.00 , ₱ 11.97 ,33.00%,,,
PAPER ONE A3,OS,REAM,, ₱ 310.00 , ₱ 412.30 ,33.00%,,,
PAPER ONE F4 (BONDPAPER),OS,REAM,, ₱ -   , ₱ -   ,#DIV/0!,,,
PAPER ONE QTO (BONDPAPER),OS,REAM,, ₱ -   , ₱ -   ,#DIV/0!,,,
PE FOAM WHITE 1040MM X 775MM X 6MM,CO,PC,ZOIERAIN, ₱ 51.00 , ₱ 68.85 ,35.00%,,,
PE FOAM WHITE 775MM X 360MM X 6MM,CO,PC,ZOIERAIN, ₱ 40.00 , ₱ 54.00 ,35.00%,,,
PEN CUTTER,OS,PC,, ₱ 16.50 , ₱ 31.25 ,89.39%,,,
PENCIL MONGOL NO. 2,OS,BOX,, ₱ 96.00 , ₱ 120.00 ,25.00%,,,
PERMANENT TWIN MARKER (BLACK),OS,PC,, ₱ 10.00 , ₱ 12.50 ,25.00%,,,
PETTY CASH VOUCHER,OS,PAD,, ₱ 6.00 , ₱ 8.10 ,35.00%,,,
"PILOT BROAD MARKER (BLACK, BLUE)",OS,PC,FORMOSA, ₱ 30.00 , ₱ 40.50 ,35.00%,,,
"PILOT MARKER FINE (BLACK, BLUE, RED)",OS,PC,FORMOSA, ₱ 30.00 , ₱ 40.50 ,35.00%,,,
PILOT MARKER INK BLACK,OS,BOTTLE,, ₱ 64.00 , ₱ 86.40 ,35.00%,,,
PILOT MECHANICAL PEN SUPER GRIP 0.5,OS,PC,, ₱ 70.00 , ₱ 94.50 ,35.00%,,,
PILOT MECHANICAL PEN SUPER GRIP 0.5 LEAD (REFILL ONLY),OS,PACK,, ₱ 50.00 , ₱ 67.50 ,35.00%,,,
"PILOT PERMANENT MARKER (BLACK, RED, BLUE)",OS,PC,, ₱ 35.00 , ₱ 40.57 ,15.91%,,,
"PILOT WHITEBOARD MARKER (BLACK, BLUE, RED)",OS,PC,, ₱ 50.00 , ₱ 67.50 ,35.00%,,,
PLASTIC BEAKER 200ML,TE,PC,, ₱ 97.78 , ₱ 132.00 ,35.00%,,,
PLASTIC BEAKER 300ML,TE,PC,, ₱ 107.41 , ₱ 145.00 ,35.00%,,,
PLASTIC ENVELOPE EXPANDABLE LONG,OS,PC,, ₱ -   , ₱ -   ,#DIV/0!,,,
PLASTIC ENVELOPE LONG,OS,PC,, ₱ 13.41 , ₱ 16.50 ,23.00%,,,
PLASTIC ENVELOPE SHORT,OS,PC,, ₱ 8.05 , ₱ 9.90 ,23.00%,,,
PLASTIC FASTENER,OS,PC,PAMCO, ₱ 30.00 , ₱ 40.50 ,35.00%,,,
PLASTIC FOLDER LONG (CLEAR) FOR WHITE FOLDER COVER,OS,PC,, ₱ -   , ₱ -   ,#DIV/0!,,,
PLASTIC FOLDER LONG WHITE,OS,PC,, ₱ -   , ₱ -   ,#DIV/0!,,,
"PLASTIC FOLDER SHORT (BLACK, BLUE, WHITE, YELLOW)",OS,PC,, ₱ 7.00 , ₱ 9.45 ,35.00%,,,
PLASTIC L-TYPE FOLDER LONG (BLUE),OS,PC,, ₱ -   , ₱ -   ,#DIV/0!,,,
PLASTIC RULER JOY,OS,PC,, ₱ 4.00 , ₱ 5.40 ,35.00%,,,
PLASTIC RULER ORIONS,OS,PC,, ₱ 45.00 , ₱ 60.75 ,35.00%,,,
"PLASTIC SLIDING FOLDER LONG (CLEAR, BLUE, GREEN)",OS,PC,, ₱ -   , ₱ -   ,#DIV/0!,,,
PLASTIC TRAY 3 LAYERS,OS,PC,, ₱ 250.00 , ₱ 337.50 ,35.00%,,,
PLYWOOD ORDINARY SINGLE PHASE 1/4,MA,UNIT,, ₱ -   , ₱ -   ,#DIV/0!,,,
POCKET NOTES,OS,PC,, ₱ -   , ₱ -   ,#DIV/0!,,,
"POLOSHIRT LARGE (AQUA BLUE, GRAY)",CU,PC,3A'S WEARING APPAREL, ₱ 114.00 , ₱ 153.90 ,35.00%,,,
"POLOSHIRT MEDIUM (AQUA BLUE, GRAY)",CU,PC,3A'S WEARING APPAREL, ₱ 109.00 , ₱ 147.15 ,35.00%,,,
"POLOSHIRT SMALL (AQUA BLUE, GRAY)",CU,PC,3A'S WEARING APPAREL, ₱ 104.00 , ₱ 140.40 ,35.00%,,,
POLOSHIRT XL (GRAY),CU,PC,3A'S WEARING APPAREL, ₱ 119.00 , ₱ 160.65 ,35.00%,,,
POST IT - SIGN HERE 25.4MMX43.2MM,OS,PC,, ₱ -   , ₱ -   ,#DIV/0!,,,
POWDER DETERGENT (MIGHTY),CM,KG,, ₱ 50.00 , ₱ 67.50 ,35.00%,,,
POWDER DETERGENT (PRIDE),CM,KG,, ₱ 102.00 , ₱ 137.70 ,35.00%,,,
POWDER DETERGENT (PRIDE) POWER WASH 1KG,CM,KG,, ₱ 98.50 , ₱ 122.50 ,24.37%,,,
POWDER DETERGENT 1 KG,CM,KG,, ₱ 48.00 , ₱ 64.80 ,35.00%,,,
POWDER DETERGENT 2 KG,CM,KG,, ₱ 192.00 , ₱ 229.00 ,19.27%,,,
POWERHOUSE HEAVY DUTY AUTO DARKENING MASK,PPE,PC,," ₱ 1,893.00 "," ₱ 3,469.97 ",83.31%,,,
"PP STRAP 15MM X 2500M ( GREEN, YELLOW )",CO,ROLL,SYNERGY," ₱ 1,500.00 "," ₱ 2,025.00 ",35.00%,,,
PUMP BOTTLE,CM,PC,, ₱ 35.00 , ₱ 43.75 ,25.00%,,,
PUNCHER 1 SLOT,OS,PC,PAMCO, ₱ 360.00 , ₱ 486.00 ,35.00%,,,
PUNCHER BIG 2 HOLE,OS,PC,, ₱ 229.50 , ₱ 378.00 ,64.71%,,,
PUSH PIN,OS,BOX,, ₱ 20.00 , ₱ 26.60 ,33.00%,,,
"PVC PIPE ORANGE - 4""",MA,PC,, ₱ -   , ₱ -   ,#DIV/0!,,,
RAGS COLORED,CO,KG,, ₱ 40.00 , ₱ 54.00 ,35.00%,,,
RAGS WHITE,CO,KG,, ₱ 50.00 , ₱ 67.50 ,35.00%,,,
RECORD BOOK 300PGS,OS, PC ,, ₱ 45.00 , ₱ 59.85 ,33.00%,,,
RECORD BOOK 500PGS,OS, PC ,, ₱ 68.00 , ₱ 90.44 ,33.00%,,,
REFLECTORIZED LONG SLEEVES,CU,PC,, ₱ 193.00 , ₱ 260.00 ,34.72%,,,
REFLECTORIZED TAPE (YELLOW) 30M,PPE,ROLL,, ₱ 238.52 , ₱ 322.00 ,35.00%,,,
REFLECTORIZED VEST,PPE,PC,, ₱ 43.20 , ₱ 58.32 ,35.00%,,,
RESPIRATORY MASK FILTER,PPE,PC,, ₱ 295.35 , ₱ 446.57 ,51.20%,,,8.9314
REWRITE CORRECTION TAPE 6M,OS,PC,, ₱ -   , ₱ -   ,#DIV/0!,,,
ROBOTIC CLEANER,CM,PC,," ₱ 29,999.00 "," ₱ 32,944.00 ",9.82%,,,
ROCK GOLDEN SAFETY SHOES,PPE,PC,SACRAMENTO, ₱ 400.00 , ₱ 540.00 ,35.00%,,,
ROUND MOP RAGS,CM,PC,, ₱ 190.00 , ₱ 256.50 ,35.00%,,,
"ROUND NECK SHIRT LARGE (AQUA BLUE, GRAY)",CU,PC,3A'S WEARING APPAREL, ₱ 96.00 , ₱ 129.60 ,35.00%,,,
"ROUND NECK SHIRT MEDIUM (AQUA BLUE, GRAY)",CU,PC,3A'S WEARING APPAREL, ₱ 91.00 , ₱ 122.85 ,35.00%,,,
"ROUND NECK SHIRT SMALL (AQUA BLUE, GRAY)",CU,PC,3A'S WEARING APPAREL, ₱ 86.00 , ₱ 116.10 ,35.00%,,,
ROUND NECK SHIRT XL (AQUA BLUE),CU,PC,3A'S WEARING APPAREL, ₱ 101.00 , ₱ 136.35 ,35.00%,,,
ROUND NECK SHIRT XXL (AQUA BLUE),CU,PC,3A'S WEARING APPAREL, ₱ 106.00 , ₱ 143.10 ,35.00%,,,
ROUND RAGS COLORED,CO,KG,, ₱ 52.00 , ₱ 82.00 ,57.69%,,,
ROUND RAGS WHITE,CO,KG,, ₱ 60.00 , ₱ 87.75 ,46.25%,,,
RUBBER GLOVES,PPE,PC,, ₱ 44.33 , ₱ 59.85 ,35.01%,,,
SAFETY BOY BLACK SAFETY SHOES,PPE,ROLL,," ₱ 1,600.00 "," ₱ 2,419.20 ",51.20%,,,
SAFETY BOY BROWN SAFETY SHOES,PPE,ROLL,," ₱ 1,600.00 "," ₱ 2,419.20 ",51.20%,,,
SAFETY EAR MUFF,PPE,ROLL,, ₱ 95.35 , ₱ 144.17 ,51.20%,,,
SAFETY VEST,PPE,PC,, ₱ 416.00 , ₱ 416.00 ,0.00%,,,
SAFEWELL ALCOHOL 70%,CM,GALLON,, ₱ 220.00 , ₱ 247.00 ,12.27%,,,
SANDISK 32GB,OS,PC,, ₱ 270.00 , ₱ 359.10 ,33.00%,,,
SANDISK 64GB,OS,PC,, ₱ 480.00 , ₱ 638.40 ,33.00%,,,
"SCISSOR 8""",OS,PC,, ₱ 28.00 , ₱ 37.24 ,33.00%,,,
SCISSOR BLACK,OS,PC,, ₱ 26.00 , ₱ 32.50 ,25.00%,,,
SCISSORS,OS,PC,, ₱ 40.00 , ₱ 54.00 ,35.00%,,,
SCOTCH BRITE WITH FOAM,CM,PC,, ₱ 60.00 , ₱ 81.00 ,35.00%,,,
SCOTCH BRITE WITHOUT FOAM,CM,PC,, ₱ 32.00 , ₱ 44.44 ,38.88%,,,
SCOTCH TAPE 1,OS,PC,, ₱ 15.00 , ₱ 20.25 ,35.00%,,,
SCOTCH TAPE 1 INCH (KING TAPE),OS,PC,, ₱ 14.00 , ₱ 18.90 ,35.00%,,,
SCOTCH TAPE 3/4X25MM,OS,PC,, ₱ 12.00 , ₱ 16.20 ,35.00%,,,
SCOURING PAD,CM,PC,, ₱ 1.50 , ₱ 2.03 ,35.00%,,,
SDI CORRECTION REPLACEMENT TAPE 5MM*6M,OS,PC,, ₱ 95.00 , ₱ 128.25 ,35.00%,,,
SDI CORRECTION TAPE 5MM*6M,OS,PC,, ₱ 125.00 , ₱ 168.75 ,35.00%,,,
SDI CUTTER BLADE,OS,PC,, ₱ 279.00 , ₱ 380.00 ,36.20%,,,
SDI CUTTER BLADES 9MM (10 PCS/PACK),OS,PACK,, ₱ -   , ₱ -   ,#DIV/0!,,,
"SHARPIE PERMANENT MARKER (BLACK, BLUE)",OS,PC,, ₱ 44.00 , ₱ 58.52 ,33.00%,,,
"SHARPIE PERMANENT MARKER FINE (BLACK, BLUE)",OS,PC,, ₱ 42.00 , ₱ 56.70 ,35.00%,,,
SHORT WHITE MAILING ENVELOPE (50 PCS / PACK),OS,PACK,ONLINE, ₱ 44.00 , ₱ 59.40 ,35.00%,,,
"SLIDING FOLDER CLEAR FILE COVER A4 (BLACK, RED)",OS,PC,, ₱ -   , ₱ -   ,#DIV/0!,,,
"SLIDING FOLDER CLEAR FILE LONG (BLUE, GREEN, ORANGE, RED, YELLOW)",OS,PC,, ₱ -   , ₱ -   ,#DIV/0!,,,
SMALL TORNADO MOP REFILL,CM,PC,, ₱ 60.00 , ₱ 81.00 ,35.00%,,,
SMARTIST A11 BONDPAPER SHORT,OS,REAM,, ₱ -   , ₱ -   ,#DIV/0!,,,
SMARTIST A4 BONDPAPER,OS,REAM,, ₱ 152.00 , ₱ 187.00 ,23.03%,,,
SMARTIST F4 BONDPAPER,OS,REAM,, ₱ 172.60 , ₱ 212.30 ,23.00%,,,
SMARTIST LONG BONDPAPER,OS,REAM,, ₱ 172.00 , ₱ 207.76 ,20.79%,,,
SMARTIST SHORT BONDPAPER,OS,REAM,, ₱ 146.00 , ₱ 170.00 ,16.44%,,,
SMITH ALL METAL PACKAGING TAPE DISPENSER,OS,PC,, ₱ 80.00 , ₱ 170.00 ,112.50%,,,
SNOWMAN COATED CLIPS #33MM,OS,BOX,, ₱ 80.00 , ₱ 108.00 ,35.00%,,,
SNOWMAN COATED CLIPS #50MM,OS,BOX,, ₱ -   , ₱ -   ,#DIV/0!,,,
SNOWMAN PUNCHER 2 HOLES,OS,PC,PAMCO, ₱ 120.00 , ₱ 162.00 ,35.00%,,,
SNOWMAN PUSH PIN 100 PIECES PER PACK,OS,PC,, ₱ 20.00 , ₱ 27.00 ,35.00%,,,
SPECIALTY PAPER WORKS 200GSM,OS,PACK,, ₱ 40.00 , ₱ 53.20 ,33.00%,,,
SPIRAL NOTEBOOK,OS, PC ,, ₱ 13.00 , ₱ 17.29 ,33.00%,,,
SPONGE SCOURING PAD WITH FOAM,CM,PC,, ₱ 5.75 , ₱ 4.76 ,-17.17%,,,
SPRINTER SHOES,PPE,PC,, ₱ 220.00 , ₱ 281.00 ,27.73%,,,
"STABILO MARKER (BLUE, GREEN, ORANGE, YELLOW, VIOLET)",OS,PC,PAMCO, ₱ 33.00 , ₱ 44.55 ,35.00%,,,
STAMP INK (BLACK),OS,PC,, ₱ 20.00 , ₱ 25.00 ,25.00%,,,
STAMP INK (RED),OS,PC,, ₱ 17.00 , ₱ 21.25 ,25.00%,,,
STAMP PAD INK (BLACK),OS,PC,, ₱ 20.00 , ₱ 25.00 ,25.00%,,,
"STAMP PAD INK (BLUE, RED)",OS,PC,, ₱ 17.00 , ₱ 22.95 ,35.00%,,,
"STAMP PAD NO. 2 (BLUE, RED, VIOLET)",OS,PC,PAMCO, ₱ 28.00 , ₱ 37.24 ,33.00%,,,
STAMP PAD NO. 3 (BLUE),OS,PC,PAMCO, ₱ 28.00 , ₱ 37.24 ,33.00%,,,
STAPLE NO. 10,OS,PC,, ₱ 20.00 , ₱ 28.25 ,41.25%,,,
STAPLE WIRE NO. 35,OS,PC,, ₱ 25.00 , ₱ 33.75 ,35.00%,,,
STAPLE WIRE NO. 35 MAX,OS,PC,, ₱ 47.50 , ₱ 63.18 ,33.01%,,,
STAPLE WIRE NO. 35 TIGER,OS,PC,, ₱ 22.00 , ₱ 32.40 ,47.27%,,,
STAPLER,OS,PC,, ₱ 60.00 , ₱ 75.00 ,25.00%,,,
STAPLER WITH REMOVER,OS,PC,, ₱ 77.00 , ₱ 103.95 ,35.00%,,,
STEP DOWN TRANSFORMER 220V TO 110V,TE,PC,LAZADA (HTTPS://WWW.LAZADA.COM.PH/PRODUCTS/GOLDSOURCE-TRANSFORMER-STEP-UP-STEP-DOWN-110V-220V-I2949390368-S14397361780.HTML?), ₱ 585.00 , ₱ 789.75 ,35.00%,,,
STERLING SPIRAL NOTEBOOK,OS,PC,, ₱ 99.00 , ₱ 133.65 ,35.00%,,,
STICKER PAPER GREEN,OS,PC,, ₱ 41.00 , ₱ 44.40 ,8.29%,,,
STICKER PAPER MATTE A4,OS, PACK ,, ₱ 37.00 , ₱ 49.21 ,33.00%,,,
STICKER PAPER WORKS A4 (NOT GLOSSY),OS,PACK,, ₱ 55.00 , ₱ 74.25 ,35.00%,,,
STICKER REMOVER 450ML,CM,PC,, ₱ 220.00 , ₱ 297.00 ,35.00%,,,
STICKY MAT,PPE, PACK ,, ₱ 36.45 , ₱ 49.21 ,35.01%,,,
STICKY NOTE 3X2,OS, PC ,, ₱ 12.00 , ₱ 15.96 ,33.00%,,,
STICKY NOTE 3X3,OS, PC ,, ₱ 15.00 , ₱ 20.25 ,35.00%,,,
STICKY NOTE 3X5,OS, PC ,, ₱ 24.00 , ₱ 31.92 ,33.00%,,,
STICKY PAD,OS,PC,, ₱ -   , ₱ -   ,#DIV/0!,,,
"STRETCH FILM 17U X 500MM X 1.8KG 2"" CORE",CO,ROLL,SYNERGY, ₱ 180.00 , ₱ 243.00 ,35.00%,,,
"STRETCH FILM 17U X 500MM X 1.8KG 3"" CORE",CO,ROLL,SYNERGY, ₱ 169.00 , ₱ 228.15 ,35.00%,,,
"STRETCH FILM 17U X 500MM X 2.08KGS 3""CORE",CO,ROLL,SYNERGY, ₱ 199.00 , ₱ 268.65 ,35.00%,,,
"STRETCH FILM 17U X 500MM X 3.5KG 2"" CORE",CO,ROLL,SYNERGY, ₱ 366.00 , ₱ 494.10 ,35.00%,,,
"STRETCH FILM 17U X 500MM X 3.5KG 3"" CORE",CO,ROLL,SYNERGY, ₱ 353.00 , ₱ 476.55 ,35.00%,,,
"STRETCH FILM 17U X 500MM X 5KG 2"" CORE",CO,ROLL,RSIM, ₱ 493.00 , ₱ 665.55 ,35.00%,,,
"STRETCH FILM 20U X 500MM X 1.8KG 2"" CORE",CO,ROLL,SYNERGY, ₱ 180.00 , ₱ 243.00 ,35.00%,,,
"STRETCH FILM 20U X 500MM X 1.8KG 3"" CORE",CO,ROLL,SYNERGY, ₱ 169.00 , ₱ 228.15 ,35.00%,,,
"STRETCH FILM 20U X 500MM X 3.5KG 2"" CORE",CO,ROLL,SYNERGY, ₱ 366.00 , ₱ 494.10 ,35.00%,,,
"STRETCH FILM 20U X 500MM X 3.5KG 3"" CORE",CO,ROLL,SYNERGY, ₱ 353.00 , ₱ 476.55 ,35.00%,,,
"STRETCH FILM 20U X 500MM X 4.5KGS 3""CORE",CO,ROLL,SYNERGY, ₱ 457.00 , ₱ 616.95 ,35.00%,,,
"STRETCH FILM 20U X 500MM X 5KG 2"" CORE",CO,ROLL,RSIM, ₱ 493.00 , ₱ 665.55 ,35.00%,,,
STYRO FOAM 1040MM X 775MM X 10MM,CO,PC,GRASYA VIBER, ₱ 120.00 , ₱ 162.00 ,35.00%,,,
STYRO FOAM 775MM X 360MM X 10MM,CO,PC,GRASYA VIBER, ₱ 65.00 , ₱ 87.75 ,35.00%,,,
SUS304 ROUND HEAD SCREW M3*10,TE,PC,, ₱ 2.17 , ₱ 3.82 ,76.21%,,,
SUS304 ROUND HEAD SCREW M3*12,TE,PC,, ₱ 2.45 , ₱ 4.02 ,64.08%,,,
TABO,CM,PC,, ₱ 25.00 , ₱ 31.25 ,25.00%,,,
TAPE DISPENSER,OS,PC,, ₱ 77.00 , ₱ 96.25 ,25.00%,,,
TAPE DISPENSER BIG,OS,PC,, ₱ 80.00 , ₱ 106.40 ,33.00%,,,
TCL 24'',FF,PC,," ₱ 2,890.00 "," ₱ 3,857.00 ",33.46%,,,
TCL 55'',FF,PC,," ₱ 19,290.00 "," ₱ 21,999.00 ",14.04%,,,
TIGER STAPLE WIRE #35, OS , BOX ,, ₱ 22.00 , ₱ 29.70 ,35.00%,,,
TISSUE ROLL JUMBO,CM,ROLL,, ₱ 154.07 , ₱ 208.00 ,35.00%,,,
"TITUS BALLPEN (BLUE, RED)",OS,PC,, ₱ 75.00 , ₱ 101.25 ,35.00%,,,
TITUS BALLPEN 12 PIECES PER BOX,OS,BOX,, ₱ 270.00 , ₱ 364.50 ,35.00%,,,
TOILET BRUSH,CM,PC,, ₱ 95.00 , ₱ 125.00 ,31.58%,,,
TONKITA MAGIC SPONGE (2 PCS/BOX), OS ,BOX,, ₱ -   , ₱ -   ,#DIV/0!,,,
TOP BRIGHT DISHWASHING LIQUID,CM,GALLON,, ₱ 130.00 , ₱ 176.00 ,35.38%,,,
TOP BRIGHT DISHWASHING LIQUID PREMIUM,CM,GALLON,SABON STATION, ₱ 100.00 , ₱ 135.00 ,35.00%,,,
TORNADO MOP REFILL SMALL,CO,PC,, ₱ 60.00 , ₱ 81.00 ,35.00%,,,
UGREEN-HD 101/10129 HDMI MALE TO MALE 2M CABLE (BLACK), OS ,PC,PC EXPRESS, ₱ 219.00 , ₱ 295.00 ,34.70%,,,
UGREEN-HDMI 2.0 MALE TO MALE CABLE HD104/10109 5M BLACK, OS ,PC,PC EXPRESS, ₱ 669.00 , ₱ 903.15 ,35.00%,,,
"UK OFFICE CLIPS 2""", OS ,BOX,, ₱ -   , ₱ -   ,#DIV/0!,,,
UK OFFICE L-TYPE FOLDER PLASTIC CLEAR LONG (12 PCS/PACK), OS ,PACK,, ₱ 84.00 , ₱ 113.40 ,35.00%,,,
VALIANT RECORD BOOK 150 PAGES,OS,PC,FORMOSA, ₱ 45.00 , ₱ 60.75 ,35.00%,,,
VALIANT RECORD BOOK 300 PAGES,OS,PC,PAMCO, ₱ 45.00 , ₱ 60.75 ,35.00%,,,
VALIANT RECORD BOOK 500 PAGES,OS,PC,FORMOSA, ₱ 95.00 , ₱ 128.25 ,35.00%,,,
VALIANT TIMECARD,OS,PACK,, ₱ 80.00 , ₱ 108.00 ,35.00%,,,
VECO STICKER PAPER MATTE A4 (10 SHEETS/PACK), OS ,PACK,, ₱ 35.00 , ₱ 47.25 ,35.00%,,,
VECO VELLUM BOARD A4 10 PIECES PER PACK,OS,PACK,, ₱ 39.00 , ₱ 47.00 ,20.51%,,,
VECO VELLUM BOARD LONG 10 PIECES PER PACK,OS,PACK,, ₱ 60.00 , ₱ 81.00 ,35.00%,,,
VENTION 7 IN 1 USB-C (DOCKING STATION),OS,PC,PC EXPRESS," ₱ 1,285.00 "," ₱ 1,734.75 ",35.00%,,,
VENTION COTTON BRAIDED HDMI 5M CABLE, OS ,PC,, ₱ -   , ₱ -   ,#DIV/0!,,,
VINYL COATED CLIPS, OS ,PC,, ₱ 10.00 , ₱ 12.50 ,25.00%,,,
VINYL PAPER CLIP 50MM,OS,PC,, ₱ 9.00 , ₱ 15.00 ,66.67%,,,
VUNGUARD (1 LITER),CM,PC,, ₱ 90.00 , ₱ 150.00 ,66.67%,,,
WELDING APRON,PPE,ROLL,, ₱ 415.35 , ₱ 628.01 ,51.20%,,,
WELDING APRON WITH SLEEVES,PPE,ROLL,, ₱ 515.35 , ₱ 779.21 ,51.20%,,,
WELDING MASK,PPE,ROLL,, ₱ 300.00 , ₱ 453.60 ,51.20%,,,
WELDING ROD 6011 3.2,TE,PC,, ₱ 230.00 , ₱ 270.00 ,17.39%,,,
WELLS NICKEL PAPER CLIP #33MM,OS,BOX,, ₱ 7.92 , ₱ 9.90 ,25.00%,,,
WELLS NICKEL PAPER CLIP #50MM,OS,BOX,, ₱ -   , ₱ -   ,#DIV/0!,,,
WHITE FOLDER A4,OS,PC,FORMOSA, ₱ 3.30 , ₱ 4.73 ,43.33%,,,
WHITE FOLDER LONG,OS,PC,FORMOSA, ₱ 6.00 , ₱ 9.00 ,50.00%,,,
WHITE FOLDER SHORT,OS,PC,FORMOSA, ₱ 3.30 , ₱ 4.73 ,43.33%,,,
WHITE MAILING ENVELOPE SHORT 50 PIECES PER PACK,OS,PACK,, ₱ 44.00 , ₱ 59.40 ,35.00%,,,
WHITE SAND,MA,UNIT,," ₱ 3,600.00 "," ₱ 5,443.20 ",51.20%,,,
WHITEBOARD ERASER,OS,PC,, ₱ 18.00 , ₱ 23.94 ,33.00%,,,
WHITEBOARD MARKER,OS,PC,, ₱ 50.00 , ₱ 67.50 ,35.00%,,,
WHITEBOARD MARKER (BLACK),OS,PC,, ₱ 20.00 , ₱ 28.35 ,41.75%,,,
RAPOO E1050 MULTI MODE WIRELESS KEYBOARD (BLACK),OS,PC,TIKTOK - RAPOO PHILIPPINES, ₱ 534.00 ," ₱ 1,012.50 ",89.61%,,,
RAPOO M216 WIRELESS MOUSE (BLACK),OS,PC,PC EXPRESS, ₱ 300.00 , ₱ 405.00 ,35.00%,,,
YDS HIGH CUT SAFETY SHOES,PPE,PC,, ₱ 900.00 ," ₱ 1,360.80 ",51.20%,,,
YDS LOW CUT SAFETY SHOES,PPE,PC,, ₱ 900.00 ," ₱ 1,360.80 ",51.20%,,,
YUASA BATTERY NP 7-12,OS,PC,SHOPEE (HTTPS://SHOPEE.PH/PRODUCT/1386942499/44401910758)," ₱ 2,085.00 "," ₱ 2,814.75 ",35.00%,,,
ZEBRA MARKER (ROHS) BLACK,OS,PC,SHOPEE (HTTPS://SHOPEE.PH/ZEBRA-DOUBLE-TIP-PERMANENT-MARKER-BLACK-MO-120-I.489304202.25020982936?), ₱ 89.00 , ₱ 118.37 ,33.00%,,,
ZEBRA PERMANENT MARKER (BLACK),OS,PC,, ₱ 89.00 , ₱ 120.15 ,35.00%,,,
ZIPLOCK NO. 01,CO,KG,, ₱ 25.00 , ₱ 33.25 ,33.00%,,,
ZIPLOCK NO. 02,CO,UNIT,, ₱ 35.00 , ₱ 46.55 ,33.00%,,,
ZIPLOCK NO. 03,CO,UNIT,, ₱ 45.00 , ₱ 59.85 ,33.00%,,,
ZIPLOCK NO. 04,CO,UNIT,, ₱ 55.00 , ₱ 73.15 ,33.00%,,,
ZIPLOCK NO. 05,CO,UNIT,, ₱ 70.00 , ₱ 93.10 ,33.00%,,,
ZIPLOCK NO. 06,CO,UNIT,, ₱ 110.00 , ₱ 146.30 ,33.00%,,,
ZIPLOCK NO. 07,CO,UNIT,, ₱ 120.00 , ₱ 159.60 ,33.00%,,,
ZIPLOCK NO. 08,CO,UNIT,, ₱ 170.00 , ₱ 226.10 ,33.00%,,,
ZIPLOCK NO. 09,CO,UNIT,, ₱ 200.00 , ₱ 266.00 ,33.00%,,,
ZIPLOCK NO. 10,CO,UNIT,, ₱ 330.00 , ₱ 438.90 ,33.00%,,,
ZIPLOCK NO. 11,CO,UNIT,, ₱ 400.00 , ₱ 532.00 ,33.00%,,,
ZIPLOCK NO. 12,CO,UNIT,, ₱ 500.00 , ₱ 665.00 ,33.00%,,,
ZONROX BLEACH COLORSAFE 1000ML,CM,GALLON,, ₱ 275.00 , ₱ 371.25 ,35.00%,,,
ZONROX BLEACH ORIGINAL 1000ML,CM,GALLON,, ₱ 253.00 , ₱ 341.55 ,35.00%,,,
ZYXEL SWITCH PORT (5 PORT),OS,PC,LAZADA (HTTPS://WWW.LAZADA.COM.PH/PRODUCTS/ZYXEL-NETWORK-SWITCH-SERIES-5-PORT-8-PORT-GIGABIT-RJ45-ETHERNET-101001000MBPS-SWITCH-HUB-POENON-POE-I3331737188-S26418998158.HTML?)," ₱ 1,320.00 "," ₱ 1,782.00 ",35.00%,,,
ZYXEL SWITCH PORT (8 PORT),OS,PC,LAZADA (HTTPS://WWW.LAZADA.COM.PH/PRODUCTS/ZYXEL-NETWORK-SWITCH-SERIES-5-PORT-8-PORT-GIGABIT-RJ45-ETHERNET-101001000MBPS-SWITCH-HUB-POENON-POE-I3331737188-S26418998158.HTML?)," ₱ 2,040.00 "," ₱ 2,754.00 ",35.00%,,,
"HOSPITAL BED WITH IVY POLE, MATTRESS AND BED TABLE",MD,,,," ₱ 17,550.00 ",#DIV/0!,,,
WHEELCHAIR,MD,,,," ₱ 5,265.00 ",#DIV/0!,,,
STRETCHER,MD,,,," ₱ 4,725.00 ",#DIV/0!,,,
CLEAR ACRYLIC FOR A4 (DOUBLE) 3MM WITH 4 PIECES ADVERTISING BOLT,FF,,, ₱ 485.00 , ₱ 607.50 ,25.26%,,,
CLEAR ACRYLIC FOR 34 (DOUBLE) 3MM WITH 4 PIECES ADVERTISING BOLT,FF,,, ₱ 950.00 ," ₱ 1,215.00 ",27.89%,,,
GLASS CABINET 2M X 2M X 30CM,FF,,," ₱ 42,000.00 "," ₱ 53,900.00 ",28.33%,,,
,,,,,,#DIV/0!,,,
,,,,,,#DIV/0!,,,
,,,,,,#DIV/0!,,,
,,,,,,#DIV/0!,,,
,,,,,,#DIV/0!,,,
,,,,,,#DIV/0!,,,
,,,,,,#DIV/0!,,,
,,,,,,#DIV/0!,,,
,,,,,,#DIV/0!,,,
,,,,,,#DIV/0!,,,
,,,,,,#DIV/0!,,,
,,,,,,#DIV/0!,,,
,,,,,,#DIV/0!,,,
,,,,,,#DIV/0!,,,
,,,,,,#DIV/0!,,,
,,,,,,#DIV/0!,,,
,,,,,,#DIV/0!,,,
,,,,,,#DIV/0!,,,
,,,,,,#DIV/0!,,,
,,,,,,#DIV/0!,,,
,,,,,,#DIV/0!,,,
,,,,,,#DIV/0!,,,
,,,,,,#DIV/0!,,,
,,,,,,#DIV/0!,,,
,,,,,,#DIV/0!,,,
,,,,,,#DIV/0!,,,
,,,,,,#DIV/0!,,,
,,,,,,#DIV/0!,,,
,,,,,,#DIV/0!,,,
,,,,,,#DIV/0!,,,
,,,,,,#DIV/0!,,,
,,,,,,#DIV/0!,,,
,,,,,,#DIV/0!,,,
,,,,,,#DIV/0!,,,
,,,,,,#DIV/0!,,,
,,,,,,#DIV/0!,,,
,,,,,,#DIV/0!,,,
,,,,,,#DIV/0!,,,
,,,,,,#DIV/0!,,,
,,,,,,#DIV/0!,,,
,,,,,,#DIV/0!,,,
,,,,,,#DIV/0!,,,
,,,,,,#DIV/0!,,,
,,,,,,#DIV/0!,,,
,,,,,,#DIV/0!,,,
,,,,,,#DIV/0!,,,
,,,,,,#DIV/0!,,,
,,,,,,#DIV/0!,,,
,,,,,,#DIV/0!,,,