COMPANY,TIN NUMBER
ASTI MANUFACTURING PHILS INC.,608-297-421-00000
MYBRUSH TECHNOLOGY PHIL INC.,009-326-039-000
JAPLAS INJECTION MOULDERS CORP.,007-365-094-00000
TOKAI RIKA CREATE PHILIPPINES INC.,009-219-390-00000
ITC PHILIPPINES MFG. INCORPORATED,010-890-249-00000
COVAC PHILIPPINES INC.,009-927-279-00000
SUMOPAK INDUSTRIAL CORPORATION,008-664-305-00000
EZCONN TECHNOLOGY CORPORATION,659-278-372-000
YA HORNG ELECTRONIC PHILIPPINES INC.,759-188-391-000
SANKO GOSEI PHIL INC,008-533-435-000
CHANGHONG TECHNOLOGY PHL CORPORATION,009-084-532-00000
SANKO GOSEI PHIL INC,
SABPPTECH SERVICES INCORPORATED,010-184-613-00000
ENSLP INC.,
ENKEI PHILS INC.,004-720-380-00000
KINPO,
PHILIPPINE FOOTBALL FEDERATION,
SORGEN BUILDERS ,
UNI-PRESIDENT,
SANSYU,
,
,
