COMPANY NAME,COMPANY ADDRESS,TIN,NAM SALES
THE JUNCTION AT CARMELRAY,"CARMELRAY INDUSTRIAL PARK 1, BARANGAY CANLUBANG, CALAMBA CITY, LAGUNA, PHILIPPINES",,ALLYSON
"ENKEI PHILIPPINES, INC.","CARMELRAY INDUSTRIAL PARK 1, BARANGAY CANLUBANG, CALAMBA CITY, LAGUNA, PHILIPPINES",004-720-380-00000,ALLYSON
JAPLAS INJECTION MOULDERS CORP.,"FIRST PHILIPPINE INDUSTRIAL PARK, STA. ANASTACIA, STO TOMAS, BATANGAS, 4234, PHILIPPINES",007-365-094-00000,ALLYSON
KINPO ELECTRONICS (PHILIPPINES) INC.,"LOT 11 H.Y. DIMACALI AVENUE, FPIP II-SEZ, BARANGAY STA ANASTACIA, STO. TOMAS, BATANGAS, 4234 PHILIPPINES",008-689-792-001,ALLYSON
EZCONN TECHNOLOGY CORPORATION,"LIMA TECHNOLOGY CENTER - SPECIAL ECONOMIC ZONE, SAN LUCAS, LIPA CITY, BATANGAS, 4217, PHILIPPINES",659-278-372-00000,ALLYSON
HBM  METAL AND CABLE PHILIPPINES INC.,"LIMA TECHNOLOGY CENTER, SAN LUCAS, LIPA CITY, BATANGAS, 4217, PHILIPPINES",010-754-188-00000,ALLYSON
ITC PHILIPPINES MFG. INCORPORATED,"LOT I, BLOCK 7-A, PHASE 3, UNIT 3, LIMA TECHNOLOGY CENTER, BARANGAY SANTIAGO, MALVAR, BATANGAS, 4233, PHILIPPINES",010-890-249-00000,ALLYSON
SANSYU PRECISION LIPA INC.,"LIMA TECHNOLOGY CENTER, BARANGAY SANTIAGO, 4233, MALVAR, BATANGAS, PHILIPPINES",659-278-372-00000,ALLYSON
PHILIPPINE FOOTBALL FEDERATION,7 CAPTAIN HENRY JAVIER CORNER DANNY FLORO ST ORABO PASIG CITY,,IVY
MYBRUSH TECHNOLOGY PHILS INC,"BLDG V, LOT 33-B, PHASE 1B, FPIP-SEZ, BRGY ULANGO, TANAUAN CITY, BATANGAS, 4232",009-326-039-000,IVY
ASTI MANUFACTURING PHILS INC,"BLDG. W1-H W1-G & W1-I, LOT 14, FPIPII-SEZ, BRGY. STA. ANASTACIA, STO. TOMAS, BATANGAS",608-297-421-00000,IVY
ENSLP INC,"BLOCK1 LOT 1, LIGHT INDUSTRY AND SCIENCE PARK, BRGY SAN RAFAEL, STO TOMAS BATANGAS 4234",007-901-685-000,IVY
CHANGHONG TECHNOLOGY PHL CORPORATION,LOT 13C FIRST PHILIPPINE INDUSTRIAL PARK II-SEZ STO TOMAS CITY BATANGAS,009-084-532-00000,IVY
"SANKO GOSEI PHILIPPINES, INC",LOT 11 B PHASE 1B FIRST PHILIPPINE INDUSTRIAL PARK BRGY ULANGO TANAUAN CITY BATANGAS 4232,008-533-435-000,IVY
TE OPTOELECTRONICS PHILS,R4B & C LOT13 PHASE 1B FPIP-SEZ PANTAY BATA TANAUAN CITY BATANGAS,009-760-570-000,IVY
YKK PHILS INC,"LOT 10 BLK 1, FIRST PHILIPPINE INUSTRIAL PARK 11, SPECIAL ECONOMIC ZONE, BRGY. SAN RAFAEL, STO. TOMAS, BATANGAS",000-315-307-000,CHERRY
C AND U PHILIPPINES INC,"LIGHT INDUSTRY AND SCIENCE PARK III, BRGY. SAN RAFAEL, STO. TOMAS, BATANGAS",007-424-113-000,CHERRY
UNI-PRESIDENT (PHILIPPINES) CORPORATION,"10TH FLOOR TOWER 2 HIGH STREET SOUTH CORPORATE PLAZE, 26TH STREET CORNER, 11TH AVENUE BONIFACIO GLOBAL CITY, TAGUIG CITY",210-971-253-000,CHERRY
SABPPTECH SERVICES INCORPORATED,"BRGY. SAN RAFAEL, STO. TOMAS, BATANGAS",010-184-163-000,CHERRY
SORGEN BUILDERS AND DEVELOPMENT CORPORATION,"BLK 21 LOT 6 PARK PLACE PUEBLO DE ORO, BRGY. SAN RAFAEL, STO. TOMAS, BATANGAS",,CHERRY
STO. TOMAS DOCTORS HOSPITAL AND MEDICAL CLINIC,"BRGY. SAN MIGUEL, SAN BARTOLOME, STO. TOMAS CITY, BATANGAS",009-913-172-000,CHERRY
ENSO PH CORP,"WAREHOUSE BUILDING NO. 8, EZP TECHNO HUB, LIMA TECHNOLOGY CENTER, SPECIAL ECONOMIC ZONE, SPECIAL ECONOMIC ZONE, BRGY. SANTIAGO, MALVAR, BATANGAS",,CHERRY
TOKAI RIKA CREATE PHILIPPINES INC,"NO. 15 MOUNTAIN DRIVE, LIGHT INDUSTRY AND SCIENCE PARK II, BRGY. BATINO, CALAMBA CITY, LAGUNA, 4027, PHILIPPINES",,CHERRY
MECTRON PHILIPPINES INC,"LOT 2C ANTONIO LUNA ST, LIMA TECHNOLOGY CENTER, SPECIAL ECONOMIC ZONE, LIPA CITY, BATANGAS",,GLENDA
COVAC PHILIPPINES INC,"BLK. 6-13 & 6-15 AMPLEFIELD, SME PARK, JP RIZAL AVENUE, LIMA TECHNOLOGY CENTER, LIPA CITY, BATANGAS",,GLENDA
YA HORNG ELECTRONICS PHILIPPINES INC,"PH 1, BLDG. 8, B24, L1, LIMA TECHNOLOGY CENTER, SPECIAL ECONOMIC ZONE, BRGY. SAN LUCAS, LIPA CITY, BATANGAS, 4217, PHILIPPINES",759-188-391-00000,GLENDA
MARUICHI PHILIPPINE STEEL TUBE INC,"LIMA TECHNOLOGY CENTER, SPECIAL ECONOMIC ZONE, LIPA CITY, BATANGAS, PHILIPPINES",,GLENDA
DAIHO (PHILS) INC,"LIMA TECHNOLOGY CENTER, SPECIAL ECONOMIC ZONE, LIPA CITY, BATANGAS, PHILIPPINES",,GLENDA
MITSUBA PHILIPPINES CORPORATION,"LIMA TECHNOLOGY CENTER, SPECIAL ECONOMIC ZONE, LIPA CITY, BATANGAS, PHILIPPINES",,GLENDA
PERSTIMA (PHILIPPNES) INC,"LIGHT INDUSTRY AND SCIENCE PARK IV, SPECIAL ECONOMIC ZONE, SAN FERNANDO, MALVAR, BATANGAS, 4233, PHILIPPINES",,GLENDA
JAPAN TOBACCO INTERNATIONAL ASIA MANUFACTURING CORP.,"LOTS 1-10, BLOCK 4, PHASE 4, LIMA TECHNOLOGY CENTER, MALVAR, BATANGAS, 4233, PHILIPPINES",,HANNAH
LITTELFUSE ASIA SALES B.V.,"LIMA TECHNOLOGY CENTER, SPECIAL ECONOMIC ZONE, BRGY. SANTIAGO, MALVAR, BATANGAS, 4233, PHILIPPINES",010-371-721-00000,HANNAH
NAM BUILDERS AND SUPPLY CORP,,,HANNAH
ALM MANAGEMENT SERVICES CORP,,,HANNAH
MINEBEA PHILIPPINES INC,"FIRST PHILIPPINE INDUSTRIAL PARK, BRGY. STA. ANASTACIA, STO. TOMAS, BATANGAS 4234, PHILIPPINES",,HANNAH
SUMOPAK INDSTRIAL CORPORATION,"LIMA TECHNOLOGY CENTER, LIPA CITY, BATANGAS",,ANN
"K & K MOLDING, INC","LIMA TECHNOLOGY CENTER, MALVAAR, BATANGAS",,ANN
G-SHANK PHILIPPINES CORP,"LIMA TECHNOLOGY CENTER, LIPA CITY, BATANGAS",,ANN
LIMA ESTATE SUPPLY CHAIN ORGANIZATION,"LIMA ESTATE LIPA-MALVAR, BATANGAS, PHILIPPINES",,ANN
JTEKT PHILIPPINES CORPORATION,"LIMA TECHNOLOGY CENTER, BRGY. SANTIAGO, MALVAR, BATANGAS",,ANN
LORENZANA FOOD CORPORATION,"LOT 6720, BRGY. SAN JOAQUIN, STO. TOMAS, BATANGAS, PHILIPPINES",,ANN
LEADEN PHILIPPINES INC,"LIMA TECHNOLOGY CENTER, BRGY. SAN LUCAS, LIPA CITY, BATANGAS",,ANN
FLEXI COMPONENT INC,"FILINVEST TECHNOLOGY PARK, CALAMBA CITY, LAGUNA, 4027, PHILIPPINES",,ANN
CPO ELECTRONICS PHILIPPINES INC,"LIMA TECHNOLOGY CENTER, LIPA CITY, BATANGAS",,ANN
GRANDSUN ADVANCED ELECTRONICS (PHILIPPINES) COMPANY INCORPORATED,,,CHERRY / GLENDA