DATE,S/N,PO NUMBER,COMPANY,CATEGORY,ITEM,QUANTITY REQUESTED,SUPPLIER'S PRICE,TOTAL ACTUAL AMOUNT,NAM UNIT PRICE,TOTAL NAM AMOUNT,TOTAL NAM AMOUNT SUB TOTAL,INCOME,INCOME PERCENT,BUYER,DATE DELIVERED,PAYMENT TERM,DUE DATE,SI NUMBER, REMARKS,SUPPLIER,ADDRESS,TIN,CONTACT PERSON/CONTACT #,,
,,,,,,,,,,,,,,,,,,,,,,,,,
02/02/2026,001,PO-011426-01,ALMMSC,OFFICE SUPPLIES,SMARTIST A4,7, ₱ 152.00 ," ₱ 1,064.00 ", ₱ 165.00 ," ₱ 1,155.00 ",, ₱ 91.00 ,8%,,,,,,,,,,,,
02/02/2026,001,PO-011426-01,ALMMSC,OFFICE SUPPLIES,DONG A MY GEL 0.5 BLACK,7, ₱ 19.00 , ₱ 133.00 , ₱ 22.00 , ₱ 154.00 ,, ₱ 21.00 ,14%,,,,,,,,,,,,
02/02/2026,001,PO-011426-01,ALMMSC,OFFICE SUPPLIES,DONG A MY GEL 0.5 BLUE,1, ₱ 19.00 , ₱ 19.00 , ₱ 22.00 , ₱ 22.00 ,, ₱ 3.00 ,14%,,,,,,,,,,,,
02/02/2026,001,PO-011426-01,ALMMSC,OFFICE SUPPLIES,LONG BROWN ENVELOPE,10, ₱ 2.25 , ₱ 22.50 , ₱ 3.30 , ₱ 33.00 ,, ₱ 10.50 ,32%,,,,,,,,,,,,
02/02/2026,001,PO-011426-01,ALMMSC,OFFICE SUPPLIES,"SCOTCH TAPE 1""",2, ₱ 12.00 , ₱ 24.00 , ₱ 13.20 , ₱ 26.40 ,, ₱ 2.40 ,9%,,,,,,,,,,,,
02/02/2026,001,PO-011426-01,ALMMSC,OFFICE SUPPLIES,CORRECTION TAPE,2, ₱ 15.00 , ₱ 30.00 , ₱ 22.00 , ₱ 44.00 ,, ₱ 14.00 ,32%,,,,,,,,,,,,
02/02/2026,001,PO-011426-01,ALMMSC,OFFICE SUPPLIES,EPSON INK 003 BLACK,1, ₱ 310.00 , ₱ 310.00 , ₱ 324.50 , ₱ 324.50 ,, ₱ 14.50 ,4%,,,,,,,,,,,,
02/02/2026,001,PO-011426-01,ALMMSC,OFFICE SUPPLIES,NEWSPRINT A4,2, ₱ 84.00 , ₱ 168.00 , ₱ 93.50 , ₱ 187.00 ,, ₱ 19.00 ,10%,,,,,,,,,,,,
02/02/2026,001,PO-011426-01,ALMMSC,OFFICE SUPPLIES,LONG PLASTIC ENVELOPE,3, ₱ 13.41 , ₱ 40.23 , ₱ 16.50 , ₱ 49.50 ,, ₱ 9.27 ,19%,,,,,,,,,,,,
02/02/2026,001,PO-011426-01,ALMMSC,OFFICE SUPPLIES,DOWNY FABRIC CONDITIONER,1, ₱ 125.93 , ₱ 125.93 , ₱ 154.00 , ₱ 154.00 ,, ₱ 28.07 ,18%,,,,,,,,,,,,
02/02/2026,001,PO-011426-01,ALMMSC,CLEANING / JANITORIAL MATERIALS,ALBATROSS REFILL ONLY,1, ₱ 57.00 , ₱ 57.00 , ₱ 62.70 , ₱ 62.70 ,, ₱ 5.70 ,9%,,,,,,,,,,,,
02/02/2026,001,PO-011426-01,ALMMSC,OFFICE SUPPLIES,TIME CARD,4, ₱ 80.00 , ₱ 320.00 , ₱ 115.50 , ₱ 462.00 ,, ₱ 142.00 ,31%,,,,,,,,,,,,
02/02/2026,001,PO-011426-01,ALMMSC,OFFICE SUPPLIES,STICKER PAPER,5, ₱ 35.00 , ₱ 175.00 , ₱ 38.50 , ₱ 192.50 ,, ₱ 17.50 ,9%,,,,,,,,,,,,
02/02/2026,001,PO-011426-01,ALMMSC,OFFICE SUPPLIES,VELLUM BOARD,2, ₱ 39.00 , ₱ 78.00 , ₱ 44.00 , ₱ 88.00 ,, ₱ 10.00 ,11%,,,,,,,,,,,,
02/02/2026,001,PO-011426-01,ALMMSC,OFFICE SUPPLIES,CLEARSHEET A4,1, ₱ 130.00 , ₱ 130.00 , ₱ 143.00 , ₱ 143.00 ,, ₱ 13.00 ,9%,,,,,,,,,,,,
,,,,,,,,,,," ₱ 3,097.60 ",,,,,,,,,,,,,,
02/02/2026,002,PO-1025-01,ALMMSC,OFFICE SUPPLIES,SMARTIST A4,5, ₱ 152.00 , ₱ 760.00 , ₱ 187.00 , ₱ 935.00 ,, ₱ 175.00 ,19%,,,,,,,,,,,,
02/02/2026,002,PO-1025-01,ALMMSC,OFFICE SUPPLIES,SMARTIST F4,2, ₱ 172.60 , ₱ 345.20 , ₱ 212.30 , ₱ 424.60 ,, ₱ 79.40 ,19%,,,,,,,,,,,,
02/02/2026,002,PO-1025-01,ALMMSC,OFFICE SUPPLIES,SHORT PLASTIC ENVELOPE,1, ₱ 8.05 , ₱ 8.05 , ₱ 9.90 , ₱ 9.90 ,, ₱ 1.85 ,19%,,,,,,,,,,,,
02/02/2026,002,PO-1025-01,ALMMSC,OFFICE SUPPLIES,SHORT BROWN ENVELOPE,1, ₱ 1.70 , ₱ 1.70 , ₱ 2.09 , ₱ 2.09 ,, ₱ 0.39 ,19%,,,,,,,,,,,,
02/02/2026,002,PO-1025-01,ALMMSC,OFFICE SUPPLIES,LONG BROWN ENVELOPE,1, ₱ 2.25 , ₱ 2.25 , ₱ 2.75 , ₱ 2.75 ,, ₱ 0.50 ,18%,,,,,,,,,,,,
02/02/2026,002,PO-1025-01,ALMMSC,OFFICE SUPPLIES,STICKY NOTE 3X2,1, ₱ 12.00 , ₱ 12.00 , ₱ 13.20 , ₱ 13.20 ,, ₱ 1.20 ,9%,,,,,,,,,,,,
02/02/2026,002,PO-1025-01,ALMMSC,OFFICE SUPPLIES,PAPER CLIP NO. 33,1, ₱ 7.92 , ₱ 7.92 , ₱ 9.90 , ₱ 9.90 ,, ₱ 1.98 ,20%,,,,,,,,,,,,
02/02/2026,002,PO-1025-01,ALMMSC,OFFICE SUPPLIES,BINDER CLILP 25MM,1, ₱ 14.00 , ₱ 14.00 , ₱ 18.70 , ₱ 18.70 ,, ₱ 4.70 ,25%,,,,,,,,,,,,
02/02/2026,002,PO-1025-01,ALMMSC,OFFICE SUPPLIES,SMALL RUBBER BAND,1, ₱ 21.00 , ₱ 21.00 , ₱ 33.00 , ₱ 33.00 ,, ₱ 12.00 ,36%,,,,,,,,,,,,
02/02/2026,002,PO-1025-01,ALMMSC,OFFICE SUPPLIES,FINE TECH,1, ₱ 24.00 , ₱ 24.00 , ₱ 33.00 , ₱ 33.00 ,, ₱ 9.00 ,27%,,,,,,,,,,,,
,,,,,,,,,,," ₱ 1,482.14 ",,,,,,,,,,,,,,
02/02/2026,003,PO/AP/26/01-0198,MYBRUSH,CLEANING / JANITORIAL MATERIALS,BROOM PLASTIC,2, ₱ 42.00 , ₱ 84.00 , ₱ 59.85 , ₱ 119.70 ,, ₱ 35.70 ,30%,IVY,02/02/2026,30,03/04/2026,0793,,,,,,,
,,,,,,,,,,, ₱ 119.70 ,,,,,,,,,,,,,,
02/02/2026,004,PO/AP/26/01-0199,MYBRUSH,MATERIALS / MAINTENANCE / MECHANICAL / HARDWARE,"3/4"" TEPLON TAPE, TOMBO BRAND",5, ₱ 20.00 , ₱ 106.00 , ₱ 26.60 , ₱ 140.98 ,, ₱ 34.98 ,25%,IVY,,,,,,SHOPEE,,,,,
02/02/2026,004,PO/AP/26/01-0199,MYBRUSH,MATERIALS / MAINTENANCE / MECHANICAL / HARDWARE,"8MM X 2"" TOXS WITH FLATHEAD SCREW",30, ₱ 2.00 , ₱ 60.00 , ₱ 3.99 , ₱ 119.70 ,, ₱ 59.70 ,50%,IVY,,,,,,SHOPEE,,,,,
02/02/2026,004,PO/AP/26/01-0199,MYBRUSH,MATERIALS / MAINTENANCE / MECHANICAL / HARDWARE,BROTHER TZ-231 BLACK ON WHITE LABEL TAPE 12MM,1, ₱ 98.00 , ₱ 98.00 , ₱ 133.00 , ₱ 133.00 ,, ₱ 35.00 ,26%,IVY,,,,,,SHOPEE,,,,,
,,,,,,,,,,, ₱ 393.68 ,,,,,,,,,,,,,,
02/02/2026,005,ADMMPO-2026-002-004,COVAC,OFFICE SUPPLIES,NEWSPRINT A4,8, ₱ 84.00 , ₱ 672.00 , ₱ 135.00 ," ₱ 1,080.00 ",, ₱ 408.00 ,38%,ANN,02/10/2026,30,03/12/2026,0906,,,,,,,
02/02/2026,005,ADMMPO-2026-002-004,COVAC,OFFICE SUPPLIES,HARDCOPY A4,7, ₱ 138.00 , ₱ 966.00 , ₱ 205.00 ," ₱ 1,435.00 ",, ₱ 469.00 ,33%,ANN,02/10/2026,30,03/12/2026,0906,,,,,,,
02/02/2026,005,ADMMPO-2026-002-004,COVAC,OFFICE SUPPLIES,"DOUBLE SIDED TAPE 1/2"" X 10M",2, ₱ 11.00 , ₱ 22.00 , ₱ 14.85 , ₱ 29.70 ,, ₱ 7.70 ,26%,ANN,02/10/2026,30,03/12/2026,0906,,,,,,,
02/02/2026,005,ADMMPO-2026-002-004,COVAC,OFFICE SUPPLIES,WHITEBOARD MARKER (BLACK),2, ₱ 20.00 , ₱ 40.00 , ₱ 28.35 , ₱ 56.70 ,, ₱ 16.70 ,29%,ANN,02/10/2026,30,03/12/2026,0906,,,,,,,
02/02/2026,005,ADMMPO-2026-002-004,COVAC,OFFICE SUPPLIES,STAPLE WIRE NO. 35,1, ₱ 22.00 , ₱ 22.00 , ₱ 32.40 , ₱ 32.40 ,, ₱ 10.40 ,32%,ANN,02/10/2026,30,03/12/2026,0906,,,,,,,
02/02/2026,005,ADMMPO-2026-002-004,COVAC,OFFICE SUPPLIES,"LAMINATING FIL,M A4 125MIC",1, ₱ 490.00 , ₱ 490.00 , ₱ 661.50 , ₱ 661.50 ,, ₱ 171.50 ,26%,ANN,02/10/2026,30,03/12/2026,0906,,,,,,,
,,,,,,,,,,," ₱ 3,295.30 ",,,,,,,,,,,,,,
02/02/2026,006,ADMMPO-2026-002-005,COVAC,OFFICE SUPPLIES,JOY STICKER PAPER A4 (WHITE),5, ₱ 35.00 , ₱ 175.00 , ₱ 40.50 , ₱ 202.50 ,, ₱ 27.50 ,14%,ANN,02/10/2026,30,03/12/2026,0907,,,,,,,
,,,,,,,,,,, ₱ 202.50 , ₱ -   ,,,,,,,,,,,,,
02/03/2026,007,SLP-NAM-26-007,ENSLP INC.,CLEANING / JANITORIAL MATERIALS,ALBATROSS 100G REFILL ONLY (LEMON/SWEET MARMALADE),3, ₱ 57.00 , ₱ 171.00 , ₱ 72.00 , ₱ 216.00 ,, ₱ 45.00 ,21%,IVY,02/04/2026,30,03/06/2026,0798,,WRAP & CARRY,TANAUAN,137-827-797-00000,,,
02/03/2026,007,SLP-NAM-26-007,ENSLP INC.,CLEANING / JANITORIAL MATERIALS,DISHWASING LIQ 1 GAL.,1, ₱ 108.00 , ₱ 108.00 , ₱ 176.00 , ₱ 176.00 ,, ₱ 68.00 ,39%,IVY,02/04/2026,30,03/06/2026,0798,,,,,,,
02/03/2026,007,SLP-NAM-26-007,ENSLP INC.,CLEANING / JANITORIAL MATERIALS,GARBAGE BAG L 100S,1, ₱ 220.00 , ₱ 220.00 , ₱ 370.00 , ₱ 370.00 ,, ₱ 150.00 ,41%,IVY,02/04/2026,30,03/06/2026,0798,,VISPO,TANAUAN,180-239-753-00001,,,
02/03/2026,007,SLP-NAM-26-007,ENSLP INC.,CLEANING / JANITORIAL MATERIALS,GARBAGE BAG XXL,1, ₱ 460.00 , ₱ 460.00 , ₱ 637.00 , ₱ 637.00 ,, ₱ 177.00 ,28%,IVY,02/04/2026,30,03/06/2026,0798,,VISPO,TANAUAN,180-239-753-00001,,,
02/03/2026,007,SLP-NAM-26-007,ENSLP INC.,CLEANING / JANITORIAL MATERIALS,GARBAGE BAG XL,1, ₱ 220.00 , ₱ 220.00 , ₱ 507.00 , ₱ 507.00 ,, ₱ 287.00 ,57%,IVY,02/04/2026,30,03/06/2026,0798,,VISPO,TANAUAN,180-239-753-00001,,,
02/03/2026,007,SLP-NAM-26-007,ENSLP INC.,CLEANING / JANITORIAL MATERIALS,WHITE ROUND RAGS,5, ₱ 60.00 , ₱ 300.00 , ₱ 72.00 , ₱ 360.00 ,, ₱ 60.00 ,17%,IVY,02/04/2026,30,03/06/2026,0798,,,,,,,
,,,,,,,,,,," ₱ 2,266.00 ",,,,,,,,,,,,,,
02/03/2026,008,SLP-NAM-26-008,ENSLP INC.,OFFICE SUPPLIES,BONDPAPER A4 SIAE - SMARTIST,20, ₱ 152.00 ," ₱ 3,040.00 ", ₱ 204.00 ," ₱ 4,080.00 ",," ₱ 1,040.00 ",25%,IVY,02/04/2026,30,03/06/2026,0800,,PAMCO,,352-135-887-000,,,
02/03/2026,008,SLP-NAM-26-008,ENSLP INC.,OFFICE SUPPLIES,BNEWS PRINT VAN HAWK A4,5, ₱ 106.00 , ₱ 530.00 , ₱ 135.00 , ₱ 675.00 ,, ₱ 145.00 ,21%,IVY,02/04/2026,30,03/06/2026,0800,,PAMCO,,352-135-887-000,,,
02/03/2026,008,SLP-NAM-26-008,ENSLP INC.,OFFICE SUPPLIES,MATTE STICKER PAPER JOY,5, ₱ 35.00 , ₱ 175.00 , ₱ 40.00 , ₱ 200.00 ,, ₱ 25.00 ,13%,IVY,02/04/2026,30,03/06/2026,0800,,GOLDEN FORMOSA,TANAUAN,293-241-003-00,,,
02/03/2026,008,SLP-NAM-26-008,ENSLP INC.,OFFICE SUPPLIES,TIME CARD MODEL 9000/VALLIANT 100S,2, ₱ 80.00 , ₱ 160.00 , ₱ 108.00 , ₱ 216.00 ,, ₱ 56.00 ,26%,IVY,02/04/2026,30,03/06/2026,0800,,PAMCO,,352-135-887-000,,,
02/03/2026,008,SLP-NAM-26-008,ENSLP INC.,OFFICE SUPPLIES,EXPANDABLE FOLDER BLUE SHORT,20, ₱ 20.00 , ₱ 400.00 , ₱ 23.40 , ₱ 468.00 ,, ₱ 68.00 ,15%,IVY,02/04/2026,30,03/06/2026,0800,,PAMCO,,352-135-887-000,,,
02/03/2026,008,SLP-NAM-26-008,ENSLP INC.,OFFICE SUPPLIES,EXPANDABLE FOLDER BLUE LONG,30, ₱ 20.00 , ₱ 600.00 , ₱ 25.00 , ₱ 750.00 ,, ₱ 150.00 ,20%,IVY,02/04/2026,30,03/06/2026,0800,,PAMCO,,352-135-887-000,,,
02/03/2026,008,SLP-NAM-26-008,ENSLP INC.,OFFICE SUPPLIES,HBW MATRIX BLACK PEN,20, ₱ 4.20 , ₱ 84.00 , ₱ 6.92 , ₱ 138.40 ,, ₱ 54.40 ,39%,IVY,02/04/2026,30,03/06/2026,0800,,PAMCO,,352-135-887-000,,,
02/03/2026,008,SLP-NAM-26-008,ENSLP INC.,OFFICE SUPPLIES,SHORT BROWN ENVELOPE,20, ₱ 1.80 , ₱ 36.00 , ₱ 2.00 , ₱ 40.00 ,, ₱ 4.00 ,10%,IVY,02/04/2026,30,03/06/2026,0800,,PAMCO,,352-135-887-000,,,
02/03/2026,008,SLP-NAM-26-008,ENSLP INC.,OFFICE SUPPLIES,LONG BROWN ENVELOPE,15, ₱ 1.40 , ₱ 21.00 , ₱ 3.25 , ₱ 48.75 ,, ₱ 27.75 ,57%,IVY,02/04/2026,30,03/06/2026,0800,,PAMCO,,352-135-887-000,,,
02/03/2026,008,SLP-NAM-26-008,ENSLP INC.,OFFICE SUPPLIES,NOTEBOOK SPIRAL,10, ₱ 13.00 , ₱ 130.00 , ₱ 18.00 , ₱ 180.00 ,, ₱ 50.00 ,28%,IVY,02/04/2026,30,03/06/2026,0800,,PAMCO,,352-135-887-000,,,
02/03/2026,008,SLP-NAM-26-008,ENSLP INC.,OFFICE SUPPLIES,DONG A MY GEL PEN BLACK 0.5MM,6, ₱ 20.00 , ₱ 120.00 , ₱ 23.00 , ₱ 138.00 ,, ₱ 18.00 ,13%,IVY,02/04/2026,30,03/06/2026,0800,,PAMCO,,352-135-887-000,,,
02/03/2026,008,SLP-NAM-26-008,ENSLP INC.,OFFICE SUPPLIES,SIGN ERE STICKER,2,, ₱ -   , ₱ 100.00 , ₱ 200.00 ,, ₱ 200.00 ,100%,IVY,02/04/2026,30,03/06/2026,0800,,PAMCO,,352-135-887-000,,,
02/03/2026,008,SLP-NAM-26-008,ENSLP INC.,CONSUMABLES / PACKAGING / INDUSTRIAL SUPPLIES,TESA DOUBLE SIDED TAPE,2,, ₱ -   , ₱ 172.90 , ₱ 345.80 ,, ₱ 345.80 ,100%,IVY,2/10/2026,30,3/12/2026,0202,,PAMCO,,352-135-887-000,,,
02/03/2026,008,SLP-NAM-26-008,ENSLP INC.,OFFICE SUPPLIES,8 1/2 COIN ENVELOP,1,, ₱ -   , ₱ 320.00 , ₱ 320.00 ,, ₱ 320.00 ,100%,IVY,,,0,,,SHOPEE,,,,,
,,,,,,,,,,," ₱ 7,799.95 ",,,,,,,,,,,,,,
02/03/2026,009,ADMMPO-2026-002-006,COVAC,OFFICE SUPPLIES,HARDCOPY A4,10, ₱ 138.00 ," ₱ 1,380.00 ", ₱ 205.00 ," ₱ 2,050.00 ",, ₱ 670.00 ,33%,ANN,02/10/2026,30,03/12/2026,0901,,,,,,,
02/03/2026,009,ADMMPO-2026-002-006,COVAC,OFFICE SUPPLIES,STAPLE WIRE NO. 35 TIGER,1, ₱ 22.00 , ₱ 22.00 , ₱ 32.40 , ₱ 32.40 ,, ₱ 10.40 ,32%,ANN,02/10/2026,30,03/12/2026,0901,,,,,,,
02/03/2026,009,ADMMPO-2026-002-006,COVAC,OFFICE SUPPLIES,GREEN EXPANDABLE FOLDER SHORT,20, ₱ 13.00 , ₱ 260.00 , ₱ 16.00 , ₱ 320.00 ,, ₱ 60.00 ,19%,ANN,02/10/2026,30,03/12/2026,0901,,,,,,,
02/03/2026,009,ADMMPO-2026-002-006,COVAC,OFFICE SUPPLIES,"DOUBLE SIDED TAPE 1""",2, ₱ 20.00 , ₱ 40.00 , ₱ 27.00 , ₱ 54.00 ,, ₱ 14.00 ,26%,ANN,02/10/2026,30,03/12/2026,0901,,,,,,,
02/03/2026,009,ADMMPO-2026-002-006,COVAC,OFFICE SUPPLIES,WHITEBOARD MARKER (BLACK),2, ₱ 20.00 , ₱ 40.00 , ₱ 28.35 , ₱ 56.70 ,, ₱ 16.70 ,29%,ANN,02/10/2026,30,03/12/2026,0901,,,,,,,
,,,,,,,,,,," ₱ 2,513.10 ",,,,,,,,,,,,,,
02/03/2026,010,ADMMPO-2026-002-007,COVAC,OFFICE SUPPLIES,ARCH FILE A4,10, ₱ 80.00 , ₱ 800.00 , ₱ 101.25 ," ₱ 1,012.50 ",, ₱ 212.50 ,21%,ANN,,,0,,,,,,,,
,,,,,,,,,,," ₱ 1,012.50 ",,,,,,,,,,,,,,
02/03/2026,011,3494581,LITTELFUSE,FURNITURE / FIXTURES / FIXED ASSETSS,OFFICE CHAIR (SPECIAL PROJECT),20," ₱ 2,240.00 "," ₱ 44,800.00 "," ₱ 3,215.00 "," ₱ 64,300.00 ",," ₱ 19,500.00 ",30%,HANNAH,,,0,,,,,,,,
,,,,,,,,,,," ₱ 64,300.00 ",,,,,,,,,,,,,,
02/03/2026,012,,SUMOPAK,MATERIALS / MAINTENANCE / MECHANICAL / HARDWARE,PRESSURE GAUGE,4," ₱ 10,500.00 "," ₱ 42,000.00 "," ₱ 11,220.00 "," ₱ 44,880.00 ",," ₱ 2,880.00 ",6%,ANN,,,0,,,,,,,,
,,,,,,,,,,," ₱ 44,880.00 ",,,,,,,,,,,,,,
02/04/2026,013,2026-00056,ASTI,CONSUMABLES / PACKAGING / INDUSTRIAL SUPPLIES,"PACKAGING TAPE 2""",50, ₱ 32.00 ," ₱ 1,600.00 ", ₱ 48.00 ," ₱ 2,400.00 ",, ₱ 800.00 ,33%,IVY,02/04/2026,30,03/06/2026,0796,,,,,,,
,,,,,,,,,,," ₱ 2,400.00 ",,,,,,,,,,,,,,
02/04/2026,014,2026-00054,ASTI,OFFICE SUPPLIES,CLEARSHEET A4,3, ₱ 130.00 , ₱ 390.00 , ₱ 150.00 , ₱ 450.00 ,, ₱ 60.00 ,13%,IVY,02/09/2026,30,03/11/2026,0892,,PAMCO,,352-135-887-000,,,
02/04/2026,014,2026-00054,ASTI,OFFICE SUPPLIES,EPSON INK 001 BLACK,2, ₱ 295.00 , ₱ 590.00 , ₱ 600.00 ," ₱ 1,200.00 ",, ₱ 610.00 ,51%,IVY,02/09/2026,30,03/11/2026,0892,,PAMCO,,352-135-887-000,,,
02/04/2026,014,2026-00054,ASTI,OFFICE SUPPLIES,FLASH DRIVE 128GB,2, ₱ 710.00 ," ₱ 1,420.00 ", ₱ 984.00 ," ₱ 1,968.00 ",, ₱ 548.00 ,28%,IVY,,,0,,,,,,,,
02/04/2026,014,2026-00054,ASTI,OFFICE SUPPLIES,FOLDER GREEN A4/SHORT,26, ₱ 13.00 , ₱ 338.00 , ₱ 13.31 , ₱ 346.06 ,, ₱ 8.06 ,2%,IVY,02/09/2026,30,03/11/2026,0892,,VISPO,,180-239-753-00001,,,
02/04/2026,014,2026-00054,ASTI,OFFICE SUPPLIES,GARBAGE BAG LARGE 100'S,4, ₱ 220.00 , ₱ 880.00 , ₱ 264.00 ," ₱ 1,056.00 ",, ₱ 176.00 ,17%,IVY,02/09/2026,30,03/11/2026,0892,,VISPO,,180-239-753-00001,,,
02/04/2026,014,2026-00054,ASTI,OFFICE SUPPLIES,GARBAGE BAG MEDIUM 100'S,5, ₱ 140.00 , ₱ 700.00 , ₱ 168.00 , ₱ 840.00 ,, ₱ 140.00 ,17%,IVY,02/09/2026,30,03/11/2026,0892,,PAMCO,,352-135-887-000,,,
02/04/2026,014,2026-00054,ASTI,OFFICE SUPPLIES,GLUE STICK BIG,6, ₱ 8.00 , ₱ 48.00 , ₱ 24.00 , ₱ 144.00 ,, ₱ 96.00 ,67%,IVY,02/09/2026,30,03/11/2026,0892,,PAMCO,,352-135-887-000,,,
02/04/2026,014,2026-00054,ASTI,OFFICE SUPPLIES,ID CLIP METAL,76, ₱ 1.60 , ₱ 121.60 , ₱ 2.40 , ₱ 182.40 ,, ₱ 60.80 ,33%,IVY,02/09/2026,30,03/11/2026,0892,,PAMCO,,352-135-887-000,,,
02/04/2026,014,2026-00054,ASTI,OFFICE SUPPLIES,PERMANENT MARKER BLACK,5, ₱ 10.00 , ₱ 50.00 , ₱ 10.00 , ₱ 50.00 ,, ₱ -   ,0%,IVY,02/09/2026,30,03/11/2026,0892,,PAMCO,,352-135-887-000,,,
02/04/2026,014,2026-00054,ASTI,OFFICE SUPPLIES,RAGS ASSORTED,25, ₱ 42.00 ," ₱ 1,050.00 ", ₱ 75.00 ," ₱ 1,875.00 ",, ₱ 825.00 ,44%,IVY,02/09/2026,30,03/11/2026,0892,,,,,,,
02/04/2026,014,2026-00054,ASTI,OFFICE SUPPLIES,RUBBER BAND,2, ₱ 30.00 , ₱ 60.00 , ₱ 42.35 , ₱ 84.70 ,, ₱ 24.70 ,29%,IVY,02/09/2026,30,03/11/2026,0892,,PAMCO,,352-135-887-000,,,
02/04/2026,014,2026-00054,ASTI,OFFICE SUPPLIES,RULER,4, ₱ 20.00 , ₱ 80.00 , ₱ 25.00 , ₱ 100.00 ,, ₱ 20.00 ,20%,IVY,02/09/2026,30,03/11/2026,0892,,PAMCO,,352-135-887-000,,,
02/04/2026,014,2026-00054,ASTI,OFFICE SUPPLIES,SCISSOR BIG,4, ₱ 26.00 , ₱ 104.00 , ₱ 60.00 , ₱ 240.00 ,, ₱ 136.00 ,57%,IVY,02/09/2026,30,03/11/2026,0892,,PAMCO,,352-135-887-000,,,
02/04/2026,014,2026-00054,ASTI,CONSUMABLES / PACKAGING / INDUSTRIAL SUPPLIES,"SCOTCH TAPE 1"" BIG",21, ₱ 12.00 , ₱ 252.00 , ₱ 18.00 , ₱ 378.00 ,, ₱ 126.00 ,33%,IVY,02/09/2026,30,03/11/2026,0893,,PAMCO,,352-135-887-000,,,
02/04/2026,014,2026-00054,ASTI,CONSUMABLES / PACKAGING / INDUSTRIAL SUPPLIES,"SCOTH TAPE 1"" SMALL",19, ₱ 12.00 , ₱ 228.00 , ₱ 18.00 , ₱ 342.00 ,, ₱ 114.00 ,33%,IVY,02/09/2026,30,03/11/2026,0893,,PAMCO,,352-135-887-000,,,
02/04/2026,014,2026-00054,ASTI,OFFICE SUPPLIES,STICKY NOTES SIGN HERE,3, ₱ 32.00 , ₱ 96.00 , ₱ 60.00 , ₱ 180.00 ,, ₱ 84.00 ,47%,IVY,02/09/2026,30,03/11/2026,0893,,PAMCO,,352-135-887-000,,,
02/04/2026,014,2026-00054,ASTI,OFFICE SUPPLIES,STICKY NOTES 3X3 HBW,2, ₱ 15.00 , ₱ 30.00 , ₱ 18.00 , ₱ 36.00 ,, ₱ 6.00 ,17%,IVY,02/09/2026,30,03/11/2026,0893,,PAMCO,,352-135-887-000,,,
02/04/2026,014,2026-00054,ASTI,OFFICE SUPPLIES,TAPE DISPENSER BIG,2, ₱ 80.00 , ₱ 160.00 , ₱ 96.00 , ₱ 192.00 ,, ₱ 32.00 ,17%,IVY,02/09/2026,30,03/11/2026,0893,,PAMCO,,352-135-887-000,,,
02/04/2026,014,2026-00054,ASTI,OFFICE SUPPLIES,BLACK HBW WHITEBOARD MARKER,10, ₱ 20.00 , ₱ 200.00 , ₱ 25.20 , ₱ 252.00 ,, ₱ 52.00 ,21%,IVY,02/09/2026,30,03/11/2026,0893,,PAMCO,,352-135-887-000,,,
02/04/2026,014,2026-00054,ASTI,OFFICE SUPPLIES,WHITEBOARD MARKER BLUE,3, ₱ 20.00 , ₱ 60.00 , ₱ 25.20 , ₱ 75.60 ,, ₱ 15.60 ,21%,IVY,02/09/2026,30,03/11/2026,0893,,PAMCO,,352-135-887-000,,,
02/04/2026,014,2026-00054,ASTI,OFFICE SUPPLIES,PANASONIC BATTREY AA,3, ₱ 30.00 , ₱ 90.00 , ₱ 33.88 , ₱ 101.64 ,, ₱ 11.64 ,11%,IVY,02/09/2026,30,03/11/2026,0893,,PAMCO,,352-135-887-000,,,
02/04/2026,014,2026-00054,ASTI,OFFICE SUPPLIES,"PAPER TAPE 1""",31, ₱ 32.00 , ₱ 992.00 , ₱ 48.00 ," ₱ 1,488.00 ",, ₱ 496.00 ,33%,IVY,02/09/2026,30,03/11/2026,0893,,PAMCO,,352-135-887-000,,,
02/04/2026,014,2026-00054,ASTI,OFFICE SUPPLIES,SHARPENER,1, ₱ 5.00 , ₱ 5.00 , ₱ 6.00 , ₱ 6.00 ,, ₱ 1.00 ,17%,IVY,02/09/2026,30,03/11/2026,0893,,PAMCO,,352-135-887-000,,,
02/04/2026,014,2026-00054,ASTI,OFFICE SUPPLIES,SHARPIE MARKER BLACK,4, ₱ 44.00 , ₱ 176.00 , ₱ 52.80 , ₱ 211.20 ,, ₱ 35.20 ,17%,IVY,02/09/2026,30,03/11/2026,0893,,PAMCO,,352-135-887-000,,,
02/04/2026,014,2026-00054,ASTI,OFFICE SUPPLIES,STABILO ORANGE,3, ₱ 44.00 , ₱ 132.00 , ₱ 52.80 , ₱ 158.40 ,, ₱ 26.40 ,17%,IVY,02/09/2026,30,03/11/2026,0893,,PAMCO,,352-135-887-000,,,
02/04/2026,014,2026-00054,ASTI,OFFICE SUPPLIES,STABILO PINK,2, ₱ 44.00 , ₱ 88.00 , ₱ 52.80 , ₱ 105.60 ,, ₱ 17.60 ,17%,IVY,02/09/2026,30,03/11/2026,0894,,PAMCO,,352-135-887-000,,,
02/04/2026,014,2026-00054,ASTI,OFFICE SUPPLIES,STABILO VIOLET,2, ₱ 44.00 , ₱ 88.00 , ₱ 52.80 , ₱ 105.60 ,, ₱ 17.60 ,17%,IVY,02/09/2026,30,03/11/2026,0894,,PAMCO,,352-135-887-000,,,
02/04/2026,014,2026-00054,ASTI,OFFICE SUPPLIES,STABILO YELLOW,5, ₱ 44.00 , ₱ 220.00 , ₱ 52.80 , ₱ 264.00 ,, ₱ 44.00 ,17%,IVY,02/09/2026,30,03/11/2026,0894,,PAMCO,,352-135-887-000,,,
02/04/2026,014,2026-00054,ASTI,OFFICE SUPPLIES,STICKER PAPER BLUE,3, ₱ 30.00 , ₱ 90.00 , ₱ 44.40 , ₱ 133.20 ,, ₱ 43.20 ,32%,IVY,02/09/2026,30,03/11/2026,0894,,PAMCO,,352-135-887-000,,,
02/04/2026,014,2026-00054,ASTI,OFFICE SUPPLIES,STICKER PAPER WHITE,16, ₱ 30.00 , ₱ 480.00 , ₱ 44.40 , ₱ 710.40 ,, ₱ 230.40 ,32%,IVY,02/09/2026,30,03/11/2026,0894,,GOLDEN FORMOSA,TANAUAN,293-241-003-000,,,
02/04/2026,014,2026-00054,ASTI,OFFICE SUPPLIES,BALLPEN RED MATRIX HBW,2, ₱ 4.20 , ₱ 8.40 , ₱ 5.04 , ₱ 10.08 ,, ₱ 1.68 ,17%,IVY,02/09/2026,30,03/11/2026,0894,,PAMCO,,352-135-887-000,,,
02/04/2026,014,2026-00054,ASTI,OFFICE SUPPLIES,A3 BONDPAPER ,3, ₱ 310.00 , ₱ 930.00 , ₱ 420.00 ," ₱ 1,260.00 ",, ₱ 330.00 ,26%,IVY,02/09/2026,30,03/11/2026,0894,,PAMCO,,352-135-887-000,,,
02/04/2026,014,2026-00054,ASTI,OFFICE SUPPLIES,CALCULATOR MX12,1, ₱ 340.00 , ₱ 340.00 , ₱ 408.00 , ₱ 408.00 ,, ₱ 68.00 ,17%,IVY,02/09/2026,30,03/11/2026,0894,,PAMCO,,352-135-887-000,,,
02/04/2026,014,2026-00054,ASTI,OFFICE SUPPLIES,LAMINATING FILM A4 SIZE 125 MIC,2, ₱ 465.00 , ₱ 930.00 , ₱ 588.00 ," ₱ 1,176.00 ",, ₱ 246.00 ,21%,IVY,02/09/2026,30,03/11/2026,0894,,PAMCO,,352-135-887-000,,,
02/04/2026,014,2026-00054,ASTI,OFFICE SUPPLIES,LAPTOP MOUSE ,2, ₱ 290.00 , ₱ 580.00 , ₱ 360.00 , ₱ 720.00 ,, ₱ 140.00 ,19%,IVY,,,0,,,,,,,,
02/04/2026,014,2026-00054,ASTI,OFFICE SUPPLIES,LOGBOOK 500PP,4, ₱ 56.00 , ₱ 224.00 , ₱ 105.00 , ₱ 420.00 ,, ₱ 196.00 ,47%,IVY,02/09/2026,30,03/11/2026,0894,,PAMCO,,352-135-887-000,,,
02/04/2026,014,2026-00054,ASTI,OFFICE SUPPLIES,NEWS PRINT A4,6, ₱ 84.00 , ₱ 504.00 , ₱ 128.00 , ₱ 768.00 ,, ₱ 264.00 ,34%,IVY,02/09/2026,30,03/11/2026,0894,,GOLDEN FORMOSA,TANAUAN,293-241-003-000,,,
02/04/2026,014,2026-00054,ASTI,OFFICE SUPPLIES,"PACKAGING TAPE 2""",20, ₱ 32.00 , ₱ 640.00 , ₱ 48.00 , ₱ 960.00 ,, ₱ 320.00 ,33%,IVY,02/09/2026,30,03/11/2026,0894,,PAMCO,,352-135-887-000,,,
02/04/2026,014,2026-00054,ASTI,OFFICE SUPPLIES,ARTLINE BLACK REFILL WHITEBOARD,24, ₱ 44.00 ," ₱ 1,056.00 ", ₱ 66.00 ," ₱ 1,584.00 ",, ₱ 528.00 ,33%,IVY,02/09/2026,30,03/11/2026,0895,,PAMCO,,352-135-887-000,,,
02/04/2026,014,2026-00054,ASTI,OFFICE SUPPLIES,BALLPEN BLACK MATRIX HBW,20, ₱ 4.20 , ₱ 84.00 , ₱ 5.04 , ₱ 100.80 ,, ₱ 16.80 ,17%,IVY,02/09/2026,30,03/11/2026,0895,,PAMCO,,352-135-887-000,,,
02/04/2026,014,2026-00054,ASTI,OFFICE SUPPLIES,A4 BOND PAPER HARDCOPY,13, ₱ 138.00 ," ₱ 1,794.00 ", ₱ 208.80 ," ₱ 2,714.40 ",, ₱ 920.40 ,34%,IVY,02/09/2026,30,03/11/2026,0895,,PAMCO,,352-135-887-000,,,
02/04/2026,014,2026-00054,ASTI,OFFICE SUPPLIES,A4 CARDCASE ,10, ₱ 23.50 , ₱ 235.00 , ₱ 31.25 , ₱ 312.50 ,, ₱ 77.50 ,25%,IVY,02/09/2026,30,03/11/2026,0895,,PAMCO,,352-135-887-000,,,
02/04/2026,014,2026-00054,ASTI,OFFICE SUPPLIES,A3 CARDCASE,2, ₱ 43.50 , ₱ 87.00 , ₱ 54.00 , ₱ 108.00 ,, ₱ 21.00 ,19%,IVY,02/09/2026,30,03/11/2026,0895,,PAMCO,,352-135-887-000,,,
,,,,,,,,,,," ₱ 23,817.58 ",,,,,,,,,,,,,,
02/04/2026,015,PO 26000117-01,EZCONN,OFFICE SUPPLIES,VENTION 7 IN 1 USB-C (DOCKING STATION),2," ₱ 1,285.00 "," ₱ 2,570.00 "," ₱ 1,734.75 "," ₱ 3,469.50 ",, ₱ 899.50 ,26%,ALLYSON,,,0,,,PC EXPRESS STO. TOMAS,,,,,
02/04/2026,015,PO 26000117-01,EZCONN,OFFICE SUPPLIES,LOGITECH WIRELESS KEYBOARD AND MOUSE (KB-LOGITECH-K120+8100 BLACK),2," ₱ 1,100.00 "," ₱ 2,200.00 "," ₱ 1,606.50 "," ₱ 3,213.00 ",," ₱ 1,013.00 ",32%,ALLYSON,,,0,,,PC EXPRESS STO. TOMAS,,,,,
02/04/2026,015,PO 26000117-01,EZCONN,OFFICE SUPPLIES,UGREEN HDMI 2M CABLE (BLACK),2, ₱ 219.00 , ₱ 438.00 , ₱ 295.65 , ₱ 591.30 ,, ₱ 153.30 ,26%,ALLYSON,,,0,,,PC EXPRESS STO. TOMAS,,,,,
02/04/2026,015,PO 26000117-01,EZCONN,OFFICE SUPPLIES,RIBBON CARTRIDGE LQ 310,10, ₱ 190.00 ," ₱ 1,900.00 ", ₱ 256.50 ," ₱ 2,565.00 ",, ₱ 665.00 ,26%,ALLYSON,,,0,,,PC EXPRESS STO. TOMAS,,,,,
02/04/2026,015,PO 26000117-01,EZCONN,OFFICE SUPPLIES,ZYXEL SWITCH PORT (5 PORT),2," ₱ 1,200.00 "," ₱ 2,400.00 "," ₱ 1,782.00 "," ₱ 3,564.00 ",," ₱ 1,164.00 ",33%,ALLYSON,,,0,,,PC EXPRESS LIPA,,,,,
02/04/2026,015,PO 26000117-01,EZCONN,OFFICE SUPPLIES,ZYXEL SWITCH PORT (8 PORT),2," ₱ 1,900.00 "," ₱ 3,800.00 "," ₱ 2,754.00 "," ₱ 5,508.00 ",," ₱ 1,708.00 ",31%,ALLYSON,,,0,,,PC EXPRESS LIPA,,,,,
02/04/2026,015,PO 26000117-01,EZCONN,OFFICE SUPPLIES,RAPOO M216 WIRELESS MOUSE (BLACK),2, ₱ 300.00 , ₱ 600.00 , ₱ 405.00 , ₱ 810.00 ,, ₱ 210.00 ,26%,ALLYSON,,,0,,,PC EXPRESS STO. TOMAS,,,,,
02/04/2026,015,PO 26000117-01,EZCONN,OFFICE SUPPLIES,RAPOO E1050 MULTI MODE WIRELESS KEYBOARD (BLACK),2, ₱ 750.00 ," ₱ 1,500.00 "," ₱ 1,012.50 "," ₱ 2,025.00 ",, ₱ 525.00 ,26%,ALLYSON,,,0,,,TIKTOK,,,,,
,,,,,,,,,,," ₱ 21,745.80 ",,,,,,,,,,,,,,
02/05/2026,016,,KINPO,MATERIALS / MAINTENANCE / MECHANICAL / HARDWARE,ANGEL COMFORTER 4IN1 (72X75),10," ₱ 2,150.00 "," ₱ 21,500.00 "," ₱ 2,350.00 "," ₱ 23,500.00 ",," ₱ 2,000.00 ",9%,ANN,,,0,,,,,,,,
,,,,,,,,,,," ₱ 23,500.00 ",,,,,,,,,,,,,,
02/05/2026,017,SLP-NAM-26-009,ENSLP,OFFICE SUPPLIES,MARKER PILOT REFILL INK - BLACK,12, ₱ 64.00 , ₱ 768.00 , ₱ 92.00 ," ₱ 1,104.00 ",, ₱ 336.00 ,30%,IVY,2/11/2026,30,3/13/2026,0207,,PAMCO,,352-135-887-000,,,
02/05/2026,017,SLP-NAM-26-009,ENSLP,OFFICE SUPPLIES,MATTE STICKER PAPER JOY,6, ₱ 37.00 , ₱ 222.00 , ₱ 40.00 , ₱ 240.00 ,, ₱ 18.00 ,8%,IVY,,,0,,,,,,,,
02/05/2026,017,SLP-NAM-26-009,ENSLP,OFFICE SUPPLIES,CLEAR SHEET A4 - JOY OR EXCEL,1, ₱ 130.00 , ₱ 130.00 , ₱ 220.00 , ₱ 220.00 ,, ₱ 90.00 ,41%,IVY,,,0,,,,,,,,
02/05/2026,017,SLP-NAM-26-009,ENSLP,OFFICE SUPPLIES,ID LAMINATING FILM 70X100 250MIC,2,, ₱ -   , ₱ 180.00 , ₱ 360.00 ,, ₱ 360.00 ,100%,IVY,2/11/2026,30,3/13/2026,0207,,PAMCO,,352-135-887-000,,,
02/05/2026,017,SLP-NAM-26-009,ENSLP,OFFICE SUPPLIES,ID LAMINATING FILM 65X95 250MIC,2,, ₱ -   , ₱ 132.00 , ₱ 264.00 ,, ₱ 264.00 ,100%,IVY,,,0,,,,,,,,
02/05/2026,017,SLP-NAM-26-009,ENSLP,OFFICE SUPPLIES,"WHITE ENVELOPE 7X4""",2, ₱ 50.00 , ₱ 100.00 , ₱ 70.00 , ₱ 140.00 ,, ₱ 40.00 ,29%,,,,0,,,,,,,,
,,,,,,,,,,," ₱ 2,328.00 ",,,,,,,,,,,,,,
02/05/2026,018,PO 25000135,EZCONN,OFFICE SUPPLIES,"CROCO FOAM DOUBLE SIDED TAPE 1""",2, ₱ 64.00 , ₱ 128.00 , ₱ 86.40 , ₱ 172.80 ,, ₱ 44.80 ,26%,ALLYSON,,,0,,,,,,,,
02/05/2026,018,PO 25000135,EZCONN,OFFICE SUPPLIES,HARDCOPY BONDPAPER A3,1, ₱ 520.00 , ₱ 520.00 , ₱ 702.00 , ₱ 702.00 ,, ₱ 182.00 ,26%,ALLYSON,,,0,,,,,,,,
02/05/2026,018,PO 25000135,EZCONN,OFFICE SUPPLIES,CLEARSHEETS A4 11 HOLES 100PCS PER PACK,22, ₱ 130.00 ," ₱ 2,860.00 ", ₱ 190.44 ," ₱ 4,189.68 ",," ₱ 1,329.68 ",32%,ALLYSON,,,0,,,,,,,,
02/05/2026,018,PO 25000135,EZCONN,OFFICE SUPPLIES,ADVANCE RECORD BOOK (GREEN),2, ₱ 141.00 , ₱ 282.00 , ₱ 220.44 , ₱ 440.88 ,, ₱ 158.88 ,36%,ALLYSON,,,0,,,,,,,,
02/05/2026,018,PO 25000135,EZCONN,OFFICE SUPPLIES,ELITE A4 PARCHMENT PAPER,1, ₱ 582.81 , ₱ 582.81 , ₱ 786.80 , ₱ 786.80 ,, ₱ 203.99 ,26%,ALLYSON,,,0,,,,,,,,
02/05/2026,018,PO 25000135,EZCONN,OFFICE SUPPLIES,CLEARSHEETS 9.5IN X 15IN,50, ₱ 33.33 ," ₱ 1,666.67 ", ₱ 45.00 ," ₱ 2,250.00 ",, ₱ 583.33 ,26%,ALLYSON,,,0,,,,,,,,
02/05/2026,018,PO 25000135,EZCONN,OFFICE SUPPLIES,ARCH FILE 9.5IN X 15IN (BLACK),7, ₱ 150.00 ," ₱ 1,050.00 ", ₱ 202.50 ," ₱ 1,417.50 ",, ₱ 367.50 ,26%,ALLYSON,,,0,,,,,,,,
02/05/2026,018,PO 25000135,EZCONN,OFFICE SUPPLIES,HBW PERMANENT MARKER (BLACK),18, ₱ 10.00 , ₱ 180.00 , ₱ 13.50 , ₱ 243.00 ,, ₱ 63.00 ,26%,ALLYSON,,,0,,,,,,,,
02/05/2026,018,PO 25000135,EZCONN,OFFICE SUPPLIES,STICKER PAPER A4/MATTE/WHITE,4, ₱ 63.15 , ₱ 252.59 , ₱ 85.25 , ₱ 341.00 ,, ₱ 88.41 ,26%,ALLYSON,,,0,,,,,,,,
02/05/2026,018,PO 25000135,EZCONN,OFFICE SUPPLIES,HARDCOPY BONDPAPER A4,74, ₱ 138.00 ," ₱ 10,212.00 ", ₱ 207.90 ," ₱ 15,384.60 ",," ₱ 5,172.60 ",34%,ALLYSON,,,0,,,,,,,,
02/05/2026,018,PO 25000135,EZCONN,OFFICE SUPPLIES,STAPLE WIRE NO. 35,10, ₱ 25.00 , ₱ 250.00 , ₱ 33.75 , ₱ 337.50 ,, ₱ 87.50 ,26%,ALLYSON,,,0,,,,,,,,
02/05/2026,018,PO 25000135,EZCONN,OFFICE SUPPLIES,PAPER CLIP SILVER (SMALL),10, ₱ 8.87 , ₱ 88.67 , ₱ 11.97 , ₱ 119.70 ,, ₱ 31.03 ,26%,ALLYSON,,,0,,,,,,,,
02/05/2026,018,PO 25000135,EZCONN,OFFICE SUPPLIES,PAPER CLIP SILVER (BIG),10, ₱ 18.72 , ₱ 187.19 , ₱ 25.27 , ₱ 252.70 ,, ₱ 65.51 ,26%,ALLYSON,,,0,,,,,,,,
02/05/2026,018,PO 25000135,EZCONN,OFFICE SUPPLIES,EPSON 12MMX9M LK-4YB/YELLOW CARTRIDGE LABEL WORK,8, ₱ 500.00 ," ₱ 4,000.00 ", ₱ 675.00 ," ₱ 5,400.00 ",," ₱ 1,400.00 ",26%,ALLYSON,,,0,,,,,,,,
02/05/2026,018,PO 25000135,EZCONN,OFFICE SUPPLIES,EPSON 12MMX9M LK-4YB/WHITE CARTRIDGE LABEL WORK,5, ₱ 500.00 ," ₱ 2,500.00 ", ₱ 675.00 ," ₱ 3,375.00 ",, ₱ 875.00 ,26%,ALLYSON,,,0,,,,,,,,
02/05/2026,018,PO 25000135,EZCONN,OFFICE SUPPLIES,2-D RING FILE BLUE (3-RING),3, ₱ 135.00 , ₱ 405.00 , ₱ 182.25 , ₱ 546.75 ,, ₱ 141.75 ,26%,ALLYSON,,,0,,,,,,,,
02/05/2026,018,PO 25000135,EZCONN,OFFICE SUPPLIES,BROTHER DCP 2540DW INK CARTRIDGE,7," ₱ 1,300.00 "," ₱ 9,100.00 "," ₱ 1,755.00 "," ₱ 12,285.00 ",," ₱ 3,185.00 ",26%,ALLYSON,,,0,,,,,,,,
02/05/2026,018,PO 25000135,EZCONN,OFFICE SUPPLIES,STICKER REMOVER 450ML,1, ₱ 220.00 , ₱ 220.00 , ₱ 297.00 , ₱ 297.00 ,, ₱ 77.00 ,26%,ALLYSON,,,0,,,,,,,,
02/05/2026,018,PO 25000135,EZCONN,CLEANING / JANITORIAL MATERIALS,MIGHTY POWDER DETERGENT,30, ₱ 50.00 ," ₱ 1,500.00 ", ₱ 67.50 ," ₱ 2,025.00 ",, ₱ 525.00 ,26%,ALLYSON,,,0,,,,,,,,
02/05/2026,018,PO 25000135,EZCONN,CLEANING / JANITORIAL MATERIALS,ZONROX BLEACH ORIGINAL 1000ML,12, ₱ 90.00 ," ₱ 1,080.00 ", ₱ 121.50 ," ₱ 1,458.00 ",, ₱ 378.00 ,26%,ALLYSON,,,0,,,,,,,,
02/05/2026,018,PO 25000135,EZCONN,CLEANING / JANITORIAL MATERIALS,ZONROX BLEACH COLORSAFE 1000ML,12, ₱ 105.00 ," ₱ 1,260.00 ", ₱ 141.75 ," ₱ 1,701.00 ",, ₱ 441.00 ,26%,ALLYSON,,,0,,,,,,,,
02/05/2026,018,PO 25000135,EZCONN,CLEANING / JANITORIAL MATERIALS,SCOTCH BRITE WITH FOAM,50, ₱ 60.00 ," ₱ 3,000.00 ", ₱ 81.00 ," ₱ 4,050.00 ",," ₱ 1,050.00 ",26%,ALLYSON,,,0,,,,,,,,
02/05/2026,018,PO 25000135,EZCONN,CLEANING / JANITORIAL MATERIALS,GARBAGAE BAG SMALL,50, ₱ 80.00 ," ₱ 4,000.00 ", ₱ 121.50 ," ₱ 6,075.00 ",," ₱ 2,075.00 ",34%,ALLYSON,,,0,,,,,,,,
02/05/2026,018,PO 25000135,EZCONN,CLEANING / JANITORIAL MATERIALS,GARBAGE BAG XXL,20, ₱ 460.00 ," ₱ 9,200.00 ", ₱ 610.95 ," ₱ 12,219.00 ",," ₱ 3,019.00 ",25%,ALLYSON,,,0,,,,,,,,
02/05/2026,018,PO 25000135,EZCONN,CLEANING / JANITORIAL MATERIALS,ROUND MOP RAGS,20, ₱ 190.00 ," ₱ 3,800.00 ", ₱ 256.50 ," ₱ 5,130.00 ",," ₱ 1,330.00 ",26%,ALLYSON,,,0,,,,,,,,
02/05/2026,018,PO 25000135,EZCONN,CLEANING / JANITORIAL MATERIALS,AIR FRESHENER,10, ₱ 225.00 ," ₱ 2,250.00 ", ₱ 303.75 ," ₱ 3,037.50 ",, ₱ 787.50 ,26%,ALLYSON,,,0,,,,,,,,
,,,,,,,,,,," ₱ 84,237.41 ",,,,,,,,,,,,,,
02/06/2026,019,2026-00064,ASTI,OFFICE SUPPLIES,LAMINATING FILM A4 125MIC,1, ₱ 490.00 , ₱ 490.00 , ₱ 588.00 , ₱ 588.00 ,, ₱ 98.00 ,17%,IVY,02/09/2026,30,03/11/2026,0891,,PAMCO,,352-135-887-000,,,
02/06/2026,019,2026-00064,ASTI,OFFICE SUPPLIES,MAGNETIC SHEETS A4 10PCS/PACK,1, ₱ 241.00 , ₱ 241.00 , ₱ 396.34 , ₱ 396.34 ,, ₱ 155.34 ,39%,IVY,02/09/2026,30,03/11/2026,0891,,SHOPEE,,,,,
,,,,,,,,,,, ₱ 984.34 ,,,,,,,,,,,,,,
02/06/2026,020,P-26000140-01,EZCONN,OFFICE SUPPLIES,ESP32 ESP32S 18650 BATTERY CHARGE SHIELD BOARD V3 MICRO USB PORT TYPE-A USB 0.5A,18, ₱ 130.00 ," ₱ 2,340.00 ", ₱ 175.50 ," ₱ 3,159.00 ",, ₱ 819.00 ,26%,ALLYSON,02/10/2026,30,03/12/2026,0902,,,,,,,
02/06/2026,020,P-26000140-01,EZCONN,OFFICE SUPPLIES,HONGLI 3000MAH 3.7V 18650 BATTERY - RECHARGABLE FLAT HEAD,18, ₱ 45.00 , ₱ 810.00 , ₱ 60.75 ," ₱ 1,093.50 ",, ₱ 283.50 ,26%,ALLYSON,02/10/2026,30,03/12/2026,0902,,,,,,,
,,,,,,,,,,," ₱ 4,252.50 ",,,,,,,,,,,,,,
02/06/2026,021,,ITC,MEDICINE AND MEDICAL ITEMS,"HOSPITAL BED WITH IVY POLE, MATTRESS AND BED TABLE",1," ₱ 11,500.00 "," ₱ 11,500.00 "," ₱ 17,550.00 "," ₱ 17,550.00 ",," ₱ 6,050.00 ",34%,ANN,02/10/2026,,02/10/2026,,,,,,,,
02/06/2026,021,,ITC,MEDICINE AND MEDICAL ITEMS,WHEELCHAIR,1," ₱ 3,900.00 "," ₱ 3,900.00 "," ₱ 5,265.00 "," ₱ 5,265.00 ",," ₱ 1,365.00 ",26%,ANN,02/10/2026,,02/10/2026,,,,,,,,
02/06/2026,021,,ITC,MEDICINE AND MEDICAL ITEMS,STRETCHER,1," ₱ 4,800.00 "," ₱ 4,800.00 "," ₱ 4,725.00 "," ₱ 4,725.00 ",, ₱ -75.00 ,-2%,ANN,02/10/2026,,02/10/2026,,,,,,,,
,,,,,,,,,,," ₱ 27,540.00 ",,,,,,,,,,,,,,
02/06/2026,022,,ITC,FURNITURE / FIXTURES / FIXED ASSETSS,CLEAR ACRYLIC FOR A4 (DOUBLE) 3MM WITH 4 PIECES ADVERTISING BOLT,10, ₱ 485.00 ," ₱ 4,850.00 ", ₱ 607.50 ," ₱ 6,075.00 ",," ₱ 1,225.00 ",20%,ANN,,,0,,,,,,,,
02/06/2026,022,,ITC,FURNITURE / FIXTURES / FIXED ASSETSS,CLEAR ACRYLIC FOR 34 (DOUBLE) 3MM WITH 4 PIECES ADVERTISING BOLT,12, ₱ 950.00 ," ₱ 11,400.00 "," ₱ 1,215.00 "," ₱ 14,580.00 ",," ₱ 3,180.00 ",22%,ANN,,,0,,,,,,,,
,,,,,,,,,,," ₱ 20,655.00 ",,,,,,,,,,,,,,CLEANING / JANITORIAL MATERIALS
02/06/2026,023,,ITC,FURNITURE / FIXTURES / FIXED ASSETSS,GLASS CABINET 2M X 2M X 30CM,1," ₱ 42,000.00 "," ₱ 42,000.00 "," ₱ 53,900.00 "," ₱ 53,900.00 ",," ₱ 11,900.00 ",22%,ANN,,,0,,,,,,,,CONSUMABLES / PACKAGING / INDUSTRIAL SUPPLIES
,,,,,,,,,,," ₱ 53,900.00 ",,,,,,,,,,,,,,COMPANY UNIFORM / CLOTHING
02/07/2026,024,PHC0414-260200015,CHANGHONG,OFFICE SUPPLIES,GLUE STICK BIG,150, ₱ 5.00 , ₱ 750.00 , ₱ 7.00 ," ₱ 1,050.00 ",, ₱ 300.00 ,29%,IVY,2/11/2026,30,3/13/2026,0206,,PAMCO,,352-135-887-000,,,FURNITURE / FIXTURES / FIXED ASSETS
02/07/2026,024,PHC0414-260200015,CHANGHONG,CLEANING / JANITORIAL MATERIALS,BROOM BAMBOO STICK,7, ₱ 120.00 , ₱ 840.00 , ₱ 180.00 ," ₱ 1,260.00 ",, ₱ 420.00 ,33%,IVY,2/11/2026,30,3/13/2026,0206,,LAM GENERAL MERCHENDISE INC,TANAUAN,776-131-264-00003,,,MAINTENANCE / MECHANICAL / HARDWARE
02/07/2026,024,PHC0414-260200015,CHANGHONG,CLEANING / JANITORIAL MATERIALS,BROOM BAMBOO STICK,2, ₱ 120.00 , ₱ 240.00 , ₱ 180.00 , ₱ 360.00 ,, ₱ 120.00 ,33%,IVY,2/11/2026,30,3/13/2026,0206,,LAM GENERAL MERCHENDISE INC,TANAUAN,776-131-264-00003,,,MEDICINE / MEDICAL ITEMS
02/07/2026,024,PHC0414-260200015,CHANGHONG,CLEANING / JANITORIAL MATERIALS,BROOM BAMBOO STICK,5, ₱ 120.00 , ₱ 600.00 , ₱ 180.00 , ₱ 900.00 ,, ₱ 300.00 ,33%,IVY,2/11/2026,30,3/13/2026,0206,,LAM GENERAL MERCHENDISE INC,TANAUAN,776-131-264-00003,,,OFFICE SUPPLIES
02/07/2026,024,PHC0414-260200015,CHANGHONG,CONSUMABLES / PACKAGING / INDUSTRIAL SUPPLIES,DOUBLE SIDED TAPE 24MM*100M,30, ₱ 18.00 , ₱ 540.00 , ₱ 21.00 , ₱ 630.00 ,, ₱ 90.00 ,14%,IVY,2/11/2026,30,3/13/2026,0206,,PAMCO,,352-135-887-000,,,PERSONAL PROTECTIVE EQUIPMENT
02/07/2026,024,PHC0414-260200015,CHANGHONG,CLEANING / JANITORIAL MATERIALS,BROOM BAMBOO STICK,2, ₱ 120.00 , ₱ 240.00 , ₱ 180.00 , ₱ 360.00 ,, ₱ 120.00 ,33%,IVY,2/11/2026,30,3/13/2026,0206,,LAM GENERAL MERCHENDISE INC,TANAUAN,776-131-264-00003,,,TOOLS / ENGINEERING / TECHNICAL ITEMS
02/07/2026,024,PHC0414-260200015,CHANGHONG,CONSUMABLES / PACKAGING / INDUSTRIAL SUPPLIES,DOUBLE SIDED TAPE 24MM*100M,10, ₱ 18.00 , ₱ 180.00 , ₱ 21.00 , ₱ 210.00 ,, ₱ 30.00 ,14%,IVY,2/11/2026,30,3/13/2026,0206,,PAMCO,,352-135-887-000,,,
02/07/2026,024,PHC0414-260200015,CHANGHONG,OFFICE SUPPLIES,CLIPBOARD A4,5, ₱ 35.00 , ₱ 175.00 , ₱ 45.00 , ₱ 225.00 ,, ₱ 50.00 ,22%,IVY,2/11/2026,30,3/13/2026,0206,,PAMCO,,352-135-887-000,,,
02/07/2026,024,PHC0414-260200015,CHANGHONG,CONSUMABLES / PACKAGING / INDUSTRIAL SUPPLIES,DOUBLE SIDED TAPE 24MM*100M,50, ₱ 18.00 , ₱ 900.00 , ₱ 21.00 ," ₱ 1,050.00 ",, ₱ 150.00 ,14%,IVY,2/11/2026,30,3/13/2026,0206,,PAMCO,,352-135-887-000,,,
,,,,,,,,,,," ₱ 6,045.00 ",,,,,,,,,,,,,,
02/07/2026,025,PHC0414-260200017,CHANGHONG,OFFICE SUPPLIES,PRINTER INK PAD L8050 (E-C9345/PXMB9),6, ₱ 250.00 ," ₱ 1,500.00 ", ₱ 350.00 ," ₱ 2,100.00 ",, ₱ 600.00 ,29%,IVY,2/11/2026,30,3/13/2026,0205,,SHOPEE,,,,,
,,,,,,,,,,," ₱ 2,100.00 ",,,,,,,,,,,,,,
02/07/2026,026,PHC0414-260200019,CHANGHONG,OFFICE SUPPLIES,BALLPEN FABER CASTELL,20, ₱ 4.50 , ₱ 90.00 , ₱ 4.00 , ₱ 80.00 ,, ₱ -10.00 ,-13%,IVY,2/11/2026,30,3/13/2026,204,,PAMCO,,352-135-887-000,,,
02/07/2026,026,PHC0414-260200019,CHANGHONG,OFFICE SUPPLIES,BALLPEN FABER CASTELL BLACK,40, ₱ 4.50 , ₱ 180.00 , ₱ 4.00 , ₱ 160.00 ,, ₱ -20.00 ,-13%,IVY,2/11/2026,30,3/13/2026,204,,PAMCO,,352-135-887-000,,,
02/07/2026,026,PHC0414-260200019,CHANGHONG,OFFICE SUPPLIES,BALLPEN FABER CASTELL BLACK,15, ₱ 4.50 , ₱ 67.50 , ₱ 4.00 , ₱ 60.00 ,, ₱ -7.50 ,-13%,IVY,2/11/2026,30,3/13/2026,204,,PAMCO,,352-135-887-000,,,
,,,,,,,,,,, ₱ 300.00 ,,,,,,,,,,,,,,
02/07/2026,027,PO 4891,SUMOPAK,MATERIALS / MAINTENANCE / MECHANICAL / HARDWARE,ORION FLAT CORD NO. 16 DUPLEX STRANDED ELECTRICAL WIRE,1," ₱ 6,200.00 "," ₱ 6,200.00 "," ₱ 7,800.00 "," ₱ 7,800.00 ",," ₱ 1,600.00 ",21%,ANN,02/10/2026,30,03/12/2026,0908,,,,,,,
,,,,,,,,,,," ₱ 7,800.00 ",,,,,,,,,,,,,,
02/10/2026,028,P-26000157-01,EZCONN,OFFICE SUPPLIES,3M MAGIC SCOTCH TAPE 19MM X 32.9M,4, ₱ 130.50 , ₱ 522.00 , ₱ 202.50 , ₱ 810.00 ,, ₱ 288.00 ,36%,ALLYSON,02/12/2026,30,03/14/2026,(?),,SHOPEE,,,,,
02/10/2026,028,P-26000157-01,EZCONN,OFFICE SUPPLIES,"KRAFT PAPER BROWN 36"" X 30M",4, ₱ 480.25 ," ₱ 1,921.00 ", ₱ 634.50 ," ₱ 2,538.00 ",, ₱ 617.00 ,24%,ALLYSON,02/12/2026,30,03/14/2026,(?),,SHOPEE,,,,,
02/10/2026,028,P-26000157-01,EZCONN,OFFICE SUPPLIES,"ARMAK CLOTHDUCT TAPE BROWN 48MM X 10M 2""",3, ₱ 89.00 , ₱ 267.00 , ₱ 120.15 , ₱ 360.45 ,, ₱ 93.45 ,26%,ALLYSON,02/12/2026,30,03/14/2026,(?),,ACE HARDWARE STO. TOMAS,,,,,
02/10/2026,028,P-26000157-01,EZCONN,OFFICE SUPPLIES,MAXELL CR1220 LITHIUM 3V BATTERY (5 PIECES),1, ₱ 156.00 , ₱ 156.00 , ₱ 202.50 , ₱ 202.50 ,, ₱ 46.50 ,23%,ALLYSON,02/12/2026,30,03/14/2026,(?),,SHOPEE,,,,,
,,,,,,,,,,," ₱ 3,910.95 ",,,,,,,,,,,,,,
02/10/2026,029,PO 4903,SUMOPAK,PERSONAL PROTECTIVE EQUIPMENT,COTTON GLOVES WITH RUBBER,21, ₱ 40.35 , ₱ 847.35 , ₱ 61.01 ," ₱ 1,281.21 ",, ₱ 433.86 ,34%,ALLYSON,02/12/2026,30,03/14/2026,(?),,,,,,,
02/10/2026,029,PO 4903,SUMOPAK,MEDICINE AND MEDICAL ITEMS,INDOPLAS KN95 MASK (50 PIECES PER BOX),3, ₱ 440.00 ," ₱ 1,320.00 ", ₱ 625.00 ," ₱ 1,875.00 ",, ₱ 555.00 ,30%,ALLYSON,02/12/2026,30,03/14/2026,(?),,SHOPEE,,,,,
02/10/2026,029,PO 4903,SUMOPAK,PERSONAL PROTECTIVE EQUIPMENT,OMAGA BRAND RC 203 RESPIRATORY MASK FILTER,29, ₱ 38.31 ," ₱ 1,110.99 ", ₱ 50.00 ," ₱ 1,450.00 ",, ₱ 339.01 ,23%,ALLYSON,02/12/2026,30,03/14/2026,(?),,SHOPEE,,,,,
,,,,,,,,,,," ₱ 4,606.21 ",,,,,,,,,,,,,,
02/11/2026,030,FM-IM-02,YKK,OFFICE SUPPLIES,"ORIONS PLASTIC RULER 12""",2, ₱ 47.29 , ₱ 94.58 , ₱ 63.84 , ₱ 127.68 ,, ₱ 33.10 ,26%,ALLYSON,,,0,,,,,,,,
02/11/2026,030,FM-IM-02,YKK,OFFICE SUPPLIES,PILOT PERMANENT MARKER (BLACK) 12 PIECES PER BOX,5, ₱ 420.00 ," ₱ 2,100.00 ", ₱ 567.00 ," ₱ 2,835.00 ",, ₱ 735.00 ,26%,ALLYSON,,,0,,,,,,,,
02/11/2026,030,FM-IM-02,YKK,OFFICE SUPPLIES,JOY METAL CLIP 2.5,50, ₱ 12.81 , ₱ 640.50 , ₱ 17.29 , ₱ 864.50 ,, ₱ 224.00 ,26%,IVY,,,0,,,SHOPEE,,,,,
02/11/2026,030,FM-IM-02,YKK,OFFICE SUPPLIES,PILOT PERMANENT MARKER REFILL INK 30ML (BLACK) ,10, ₱ 80.00 , ₱ 800.00 , ₱ 100.00 ," ₱ 1,000.00 ",, ₱ 200.00 ,20%,ALLYSON,,,0,,,FORMOSA,,293-241-003-000,,,
02/11/2026,030,FM-IM-02,YKK,OFFICE SUPPLIES,SAKURA GEL PEN (WHITE) 1.0,200, ₱ 55.00 ," ₱ 11,000.00 ", ₱ 68.00 ," ₱ 13,600.00 ",," ₱ 2,600.00 ",19%,ALLYSON,,,0,,,LAZADA,,,,,
02/11/2026,030,FM-IM-02,YKK,OFFICE SUPPLIES,WHITE FOLDER WITH PLASTIC COVER SHORT,8, ₱ 15.30 , ₱ 122.40 , ₱ 20.66 , ₱ 165.28 ,, ₱ 42.88 ,26%,ALLYSON,,,0,,,,,,,,
02/11/2026,030,FM-IM-02,YKK,OFFICE SUPPLIES,HBW CORRECTION TAPE,50, ₱ 17.04 , ₱ 852.00 , ₱ 23.00 ," ₱ 1,150.00 ",, ₱ 298.00 ,26%,ALLYSON,,,0,,,,,,,,
02/11/2026,030,FM-IM-02,YKK,OFFICE SUPPLIES,"PAINT BRUSH 1"" ",4, ₱ 34.48 , ₱ 137.92 , ₱ 46.55 , ₱ 186.20 ,, ₱ 48.28 ,26%,IVY,,,0,,,SHOPEE,,,,,
02/11/2026,030,FM-IM-02,YKK,OFFICE SUPPLIES,PANDA 757 (RED) 25 PIECES PER BOX,1, ₱ 112.59 , ₱ 112.59 , ₱ 152.00 , ₱ 152.00 ,, ₱ 39.41 ,26%,ALLYSON,,,0,,,,,,,,
02/11/2026,030,FM-IM-02,YKK,OFFICE SUPPLIES,PANDA 757 (BLUE) 25 PIECES PER BOX,3, ₱ 112.59 , ₱ 337.77 , ₱ 152.00 , ₱ 456.00 ,, ₱ 118.23 ,26%,ALLYSON,,,0,,,,,,,,
02/11/2026,030,FM-IM-02,YKK,OFFICE SUPPLIES,PANDA 757 (BLACK) 25 PIECES PER BOX ,3, ₱ 112.59 , ₱ 337.77 , ₱ 152.00 , ₱ 456.00 ,, ₱ 118.23 ,26%,ALLYSON,,,0,,,,,,,,
,,,,,,,,,,," ₱ 20,992.66 ",,,,,,,,,,,,,,
02/12/2026,031,OPEN PO,ITC,FURNITURE / FIXTURES / FIXED ASSETSS,PALLET 1.1 X 1.1 (BLACK),50, ₱ 500.00 ," ₱ 25,000.00 ", ₱ 600.00 ," ₱ 30,000.00 ",," ₱ 5,000.00 ",17%,ANN,02/12/26,,,,,MALVAR,,,,,
,,,,,,,,,,," ₱ 30,000.00 ",,,,,,,,,,,,,,
02/12/0206,032,PCH0414-260200031,CHANGHONG,PERSONAL PROTECTIVE EQUIPMENT,ARM BAND HEAT RESISTANT,10, ₱ 25.00 , ₱ 250.00 , ₱ 33.25 , ₱ 332.50 ,, ₱ 82.50 ,25%,IVY,,,,,,SHOPEE,,,,,
02/12/0206,032,PCH0414-260200031,CHANGHONG,PERSONAL PROTECTIVE EQUIPMENT,ARM BAND HEAT RESISTANT DISPOSABLE - 100 PIECES PER PACK,2, ₱ 192.00 , ₱ 384.00 , ₱ 240.00 , ₱ 480.00 ,, ₱ 96.00 ,20%,IVY,,,,,,SHOPEE,,,,,
,,,,,,,,,,, ₱ 812.50 ,,,,,,,,,,,,,,
02/12/2026,033,4909,SUMOPAK,MATERIALS / MAINTENANCE / MECHANICAL / HARDWARE,SILVER ROD,50, ₱ 116.00 ," ₱ 5,800.00 ", ₱ 190.32 ," ₱ 9,516.00 ",," ₱ 3,716.00 ",39%,ANN,,,,,,ISHABELLA - QUEZON CITY,,,,,
02/12/2026,033,4909,SUMOPAK,MATERIALS / MAINTENANCE / MECHANICAL / HARDWARE,BRONZE ROD,10, ₱ 225.00 ," ₱ 2,250.00 ", ₱ 274.50 ," ₱ 2,745.00 ",, ₱ 495.00 ,18%,ANN,,,,,,ISHABELLA - QUEZON CITY,,,,,
02/12/2026,033,4909,SUMOPAK,MATERIALS / MAINTENANCE / MECHANICAL / HARDWARE,COPPER TUBE (5/8 X .28TH 20FT),6," ₱ 2,780.00 "," ₱ 16,680.00 "," ₱ 3,391.60 "," ₱ 20,349.60 ",," ₱ 3,669.60 ",18%,ANN,,,,,,ISHABELLA - QUEZON CITY,,,,,
,,,,,,,,,,," ₱ 32,610.60 ",,,,,,,,,,,,,,
02/13/2026,034,,MYBRUSH,CLEANING / JANITORIAL MATERIALS,GLASS CLEANER,5, ₱ 90.00 , ₱ 450.00 , ₱ 192.19 , ₱ 960.95 ,, ₱ 510.95 ,53%,IVY,,,,,,,,,,,
02/13/2026,034,,MYBRUSH,CLEANING / JANITORIAL MATERIALS,LYSOL PINK,8, ₱ 109.00 , ₱ 872.00 , ₱ 344.47 ," ₱ 2,755.76 ",," ₱ 1,883.76 ",68%,IVY,,,,,,,,,,,
,,,,,,,,,,," ₱ 3,716.71 ",,,,,,,,,,,,,,
02/13/2026,035,MPO-2026-02-037,YAHORNG,OFFICE SUPPLIES,BALLPEN FLEXSTICK 0.5MM (BLACK),40, ₱ 6.00 , ₱ 240.00 , ₱ 6.06 , ₱ 242.40 ,, ₱ 2.40 ,1%,ANN,,,,,,,,,,,
02/13/2026,035,MPO-2026-02-037,YAHORNG,OFFICE SUPPLIES,BINDER CLIP 2,2, ₱ 60.00 , ₱ 120.00 , ₱ 68.75 , ₱ 137.50 ,, ₱ 17.50 ,13%,ANN,,,,,,,,,,,
02/13/2026,035,MPO-2026-02-037,YAHORNG,OFFICE SUPPLIES,LONG BROWN ENVELOPE,10, ₱ 4.00 , ₱ 40.00 , ₱ 3.00 , ₱ 30.00 ,, ₱ -10.00 ,-33%,ANN,,,,,,,,,,,
02/13/2026,035,MPO-2026-02-037,YAHORNG,OFFICE SUPPLIES,SHORT BROWN ENVELOPE,10, ₱ 3.00 , ₱ 30.00 , ₱ 2.50 , ₱ 25.00 ,, ₱ -5.00 ,-20%,ANN,,,,,,,,,,,
02/13/2026,035,MPO-2026-02-037,YAHORNG,OFFICE SUPPLIES,DONG A MY GEL 0.3 (BLACK),24, ₱ 25.00 , ₱ 600.00 , ₱ 24.00 , ₱ 576.00 ,, ₱ -24.00 ,-4%,ANN,,,,,,,,,,,
02/13/2026,035,MPO-2026-02-037,YAHORNG,OFFICE SUPPLIES,DONG A MY GEL 0.3 (BLUE),15,, ₱ -   , ₱ 24.00 , ₱ 360.00 ,, ₱ 360.00 ,100%,ANN,,,,,,,,,,,
02/13/2026,035,MPO-2026-02-037,YAHORNG,OFFICE SUPPLIES,DONG A MY GEL 0.3 (RED),1,, ₱ -   , ₱ 24.00 , ₱ 24.00 ,, ₱ 24.00 ,100%,ANN,,,,,,,,,,,
02/13/2026,035,MPO-2026-02-037,YAHORNG,OFFICE SUPPLIES,DONG A MY GEL 0.5 (BLACK),17, ₱ 22.00 , ₱ 374.00 , ₱ 24.00 , ₱ 408.00 ,, ₱ 34.00 ,8%,ANN,,,,,,,,,,,
02/13/2026,035,MPO-2026-02-037,YAHORNG,OFFICE SUPPLIES,DONG A MY GEL 0.5 (BLUE),13, ₱ 22.00 , ₱ 286.00 , ₱ 24.00 , ₱ 312.00 ,, ₱ 26.00 ,8%,ANN,,,,,,,,,,,
02/13/2026,035,MPO-2026-02-037,YAHORNG,OFFICE SUPPLIES,LONG WHITE FOLDER,22, ₱ 6.00 , ₱ 132.00 , ₱ 5.13 , ₱ 112.86 ,, ₱ -19.14 ,-17%,ANN,,,,,,,,,,,
02/13/2026,035,MPO-2026-02-037,YAHORNG,OFFICE SUPPLIES,FABER CASTELL HIGHLIGHTER (GREEN),1, ₱ 30.00 , ₱ 30.00 , ₱ 28.60 , ₱ 28.60 ,, ₱ -1.40 ,-5%,ANN,,,,,,,,,,,
02/13/2026,035,MPO-2026-02-037,YAHORNG,OFFICE SUPPLIES,STAPLER WITH REMOVER,1, ₱ 20.00 , ₱ 20.00 , ₱ 103.95 , ₱ 103.95 ,, ₱ 83.95 ,81%,ANN,,,,,,,,,,,
02/13/2026,035,MPO-2026-02-037,YAHORNG,CLEANING / JANITORIAL MATERIALS,DETERGENT POWDER 1 KG (ALL MIGHTY),11,, ₱ -   , ₱ 64.80 , ₱ 712.80 ,, ₱ 712.80 ,100%,ANN,,,,,,,,,,,
02/13/2026,035,MPO-2026-02-037,YAHORNG,CLEANING / JANITORIAL MATERIALS,GARBAGE BAG MEDIUM 100'S BLACK,7, ₱ 140.00 , ₱ 980.00 , ₱ 189.00 ," ₱ 1,323.00 ",, ₱ 343.00 ,26%,ANN,,,,,,,,,,,
02/13/2026,035,MPO-2026-02-037,YAHORNG,CLEANING / JANITORIAL MATERIALS,GARBAGE BAG XL100'S BLACK,5, ₱ 320.00 ," ₱ 1,600.00 ", ₱ 432.00 ," ₱ 2,160.00 ",, ₱ 560.00 ,26%,ANN,,,,,,,,,,,
02/13/2026,035,MPO-2026-02-037,YAHORNG,CLEANING / JANITORIAL MATERIALS,GARBAGE BAG XXL100'S BLACK,15, ₱ 460.00 ," ₱ 6,900.00 ", ₱ 575.00 ," ₱ 8,625.00 ",," ₱ 1,725.00 ",20%,ANN,,,,,,,,,,,
02/13/2026,035,MPO-2026-02-037,YAHORNG,CONSUMABLES / PACKAGING / INDUSTRIAL SUPPLIES,ZIPLOCK NO. 4,2, ₱ 55.00 , ₱ 110.00 , ₱ 73.15 , ₱ 146.30 ,, ₱ 36.30 ,25%,ANN,,,,,,,,,,,
02/13/2026,035,MPO-2026-02-037,YAHORNG,CONSUMABLES / PACKAGING / INDUSTRIAL SUPPLIES,ZIPLOCK NO. 5,2, ₱ 70.00 , ₱ 140.00 , ₱ 93.10 , ₱ 186.20 ,, ₱ 46.20 ,25%,ANN,,,,,,,,,,,
02/13/2026,035,MPO-2026-02-037,YAHORNG,CONSUMABLES / PACKAGING / INDUSTRIAL SUPPLIES,ZIPLOCK NO. 6,4, ₱ 110.00 , ₱ 440.00 , ₱ 115.00 , ₱ 460.00 ,, ₱ 20.00 ,4%,ANN,,,,,,,,,,,
02/13/2026,035,MPO-2026-02-037,YAHORNG,CONSUMABLES / PACKAGING / INDUSTRIAL SUPPLIES,ZIPLOCK NO. 8,2, ₱ 170.00 , ₱ 340.00 , ₱ 226.10 , ₱ 452.20 ,, ₱ 112.20 ,25%,ANN,,,,,,,,,,,
02/13/2026,035,MPO-2026-02-037,YAHORNG,CONSUMABLES / PACKAGING / INDUSTRIAL SUPPLIES,ZIPLOCK NO. 10,2, ₱ 320.00 , ₱ 640.00 , ₱ 330.00 , ₱ 660.00 ,, ₱ 20.00 ,3%,ANN,,,,,,,,,,,
02/13/2026,035,MPO-2026-02-037,YAHORNG,CONSUMABLES / PACKAGING / INDUSTRIAL SUPPLIES,ZIPLOCK NO. 12,2, ₱ 500.00 ," ₱ 1,000.00 ", ₱ 594.00 ," ₱ 1,188.00 ",, ₱ 188.00 ,16%,ANN,,,,,,,,,,,
,,,,,,,,,,," ₱ 18,273.81 ",,,,,,,,,,,,,,
,,,,,,,, ₱ -   ,, ₱ -   ,, ₱ -   ,#DIV/0!,,,,,,,,,,,,
,,,,,,,, ₱ -   ,, ₱ -   ,, ₱ -   ,#DIV/0!,,,,,,,,,,,,
,,,,,,,, ₱ -   ,, ₱ -   ,, ₱ -   ,#DIV/0!,,,,,,,,,,,,
,,,,,,,, ₱ -   ,, ₱ -   ,, ₱ -   ,#DIV/0!,,,,,,,,,,,,
,,,,,,,, ₱ -   ,, ₱ -   ,, ₱ -   ,#DIV/0!,,,,,,,,,,,,
,,,,,,,, ₱ -   ,, ₱ -   ,, ₱ -   ,#DIV/0!,,,,,,,,,,,,
,,,,,,,, ₱ -   ,, ₱ -   ,, ₱ -   ,#DIV/0!,,,,,,,,,,,,
,,,,,,,, ₱ -   ,, ₱ -   ,, ₱ -   ,#DIV/0!,,,,,,,,,,,,
,,,,,,,, ₱ -   ,, ₱ -   ,, ₱ -   ,#DIV/0!,,,,,,,,,,,,
,,,,,,,, ₱ -   ,, ₱ -   ,, ₱ -   ,#DIV/0!,,,,,,,,,,,,
,,,,,,,, ₱ -   ,, ₱ -   ,, ₱ -   ,#DIV/0!,,,,,,,,,,,,
,,,,,,,, ₱ -   ,, ₱ -   ,, ₱ -   ,#DIV/0!,,,,,,,,,,,,
,,,,,,,, ₱ -   ,, ₱ -   ,, ₱ -   ,#DIV/0!,,,,,,,,,,,,
,,,,,,,, ₱ -   ,, ₱ -   ,, ₱ -   ,#DIV/0!,,,,,,,,,,,,
,,,,,,,, ₱ -   ,, ₱ -   ,, ₱ -   ,#DIV/0!,,,,,,,,,,,,
,,,,,,,, ₱ -   ,, ₱ -   ,, ₱ -   ,#DIV/0!,,,,,,,,,,,,
,,,,,,,, ₱ -   ,, ₱ -   ,, ₱ -   ,#DIV/0!,,,,,,,,,,,,
,,,,,,,, ₱ -   ,, ₱ -   ,, ₱ -   ,#DIV/0!,,,,,,,,,,,,
,,,,,,,, ₱ -   ,, ₱ -   ,, ₱ -   ,#DIV/0!,,,,,,,,,,,,
,,,,,,,, ₱ -   ,, ₱ -   ,, ₱ -   ,#DIV/0!,,,,,,,,,,,,
,,,,,,,, ₱ -   ,, ₱ -   ,, ₱ -   ,#DIV/0!,,,,,,,,,,,,
,,,,,,,, ₱ -   ,, ₱ -   ,, ₱ -   ,#DIV/0!,,,,,,,,,,,,
,,,,,,,, ₱ -   ,, ₱ -   ,, ₱ -   ,#DIV/0!,,,,,,,,,,,,
,,,,,,,, ₱ -   ,, ₱ -   ,, ₱ -   ,#DIV/0!,,,,,,,,,,,,
,,,,,,,, ₱ -   ,, ₱ -   ,, ₱ -   ,#DIV/0!,,,,,,,,,,,,
,,,,,,,, ₱ -   ,, ₱ -   ,, ₱ -   ,#DIV/0!,,,,,,,,,,,,
,,,,,,,, ₱ -   ,, ₱ -   ,, ₱ -   ,#DIV/0!,,,,,,,,,,,,
,,,,,,,, ₱ -   ,, ₱ -   ,, ₱ -   ,#DIV/0!,,,,,,,,,,,,
,,,,,,,, ₱ -   ,, ₱ -   ,, ₱ -   ,#DIV/0!,,,,,,,,,,,,
,,,,,,,, ₱ -   ,, ₱ -   ,, ₱ -   ,#DIV/0!,,,,,,,,,,,,
,,,,,,,, ₱ -   ,, ₱ -   ,, ₱ -   ,#DIV/0!,,,,,,,,,,,,
,,,,,,,, ₱ -   ,, ₱ -   ,, ₱ -   ,#DIV/0!,,,,,,,,,,,,
,,,,,,,, ₱ -   ,, ₱ -   ,, ₱ -   ,#DIV/0!,,,,,,,,,,,,
,,,,,,,, ₱ -   ,, ₱ -   ,, ₱ -   ,#DIV/0!,,,,,,,,,,,,
,,,,,,,, ₱ -   ,, ₱ -   ,, ₱ -   ,#DIV/0!,,,,,,,,,,,,
,,,,,,,, ₱ -   ,, ₱ -   ,, ₱ -   ,#DIV/0!,,,,,,,,,,,,
,,,,,,,, ₱ -   ,, ₱ -   ,, ₱ -   ,#DIV/0!,,,,,,,,,,,,
,,,,,,,, ₱ -   ,, ₱ -   ,, ₱ -   ,#DIV/0!,,,,,,,,,,,,
,,,,,,,, ₱ -   ,, ₱ -   ,, ₱ -   ,#DIV/0!,,,,,,,,,,,,
,,,,,,,, ₱ -   ,, ₱ -   ,, ₱ -   ,#DIV/0!,,,,,,,,,,,,
,,,,,,,, ₱ -   ,, ₱ -   ,, ₱ -   ,#DIV/0!,,,,,,,,,,,,
,,,,,,,, ₱ -   ,, ₱ -   ,, ₱ -   ,#DIV/0!,,,,,,,,,,,,
,,,,,,,, ₱ -   ,, ₱ -   ,, ₱ -   ,#DIV/0!,,,,,,,,,,,,
,,,,,,,, ₱ -   ,, ₱ -   ,, ₱ -   ,#DIV/0!,,,,,,,,,,,,
,,,,,,,, ₱ -   ,, ₱ -   ,, ₱ -   ,#DIV/0!,,,,,,,,,,,,
,,,,,,,, ₱ -   ,, ₱ -   ,, ₱ -   ,#DIV/0!,,,,,,,,,,,,
,,,,,,,, ₱ -   ,, ₱ -   ,, ₱ -   ,#DIV/0!,,,,,,,,,,,,
,,,,,,,, ₱ -   ,, ₱ -   ,, ₱ -   ,#DIV/0!,,,,,,,,,,,,
,,,,,,,, ₱ -   ,, ₱ -   ,, ₱ -   ,#DIV/0!,,,,,,,,,,,,
,,,,,,,, ₱ -   ,, ₱ -   ,, ₱ -   ,#DIV/0!,,,,,,,,,,,,
,,,,,,,, ₱ -   ,, ₱ -   ,, ₱ -   ,#DIV/0!,,,,,,,,,,,,
,,,,,,,, ₱ -   ,, ₱ -   ,, ₱ -   ,#DIV/0!,,,,,,,,,,,,
,,,,,,,, ₱ -   ,, ₱ -   ,, ₱ -   ,#DIV/0!,,,,,,,,,,,,
,,,,,,,, ₱ -   ,, ₱ -   ,, ₱ -   ,#DIV/0!,,,,,,,,,,,,
,,,,,,,, ₱ -   ,, ₱ -   ,, ₱ -   ,#DIV/0!,,,,,,,,,,,,
,,,,,,,, ₱ -   ,, ₱ -   ,, ₱ -   ,#DIV/0!,,,,,,,,,,,,
,,,,,,,, ₱ -   ,, ₱ -   ,, ₱ -   ,#DIV/0!,,,,,,,,,,,,
,,,,,,,, ₱ -   ,, ₱ -   ,, ₱ -   ,#DIV/0!,,,,,,,,,,,,
,,,,,,,, ₱ -   ,, ₱ -   ,, ₱ -   ,#DIV/0!,,,,,,,,,,,,
,,,,,,,, ₱ -   ,, ₱ -   ,, ₱ -   ,#DIV/0!,,,,,,,,,,,,
,,,,,,,, ₱ -   ,, ₱ -   ,, ₱ -   ,#DIV/0!,,,,,,,,,,,,
,,,,,,,, ₱ -   ,, ₱ -   ,, ₱ -   ,#DIV/0!,,,,,,,,,,,,
,,,,,,,, ₱ -   ,, ₱ -   ,, ₱ -   ,#DIV/0!,,,,,,,,,,,,
,,,,,,,, ₱ -   ,, ₱ -   ,, ₱ -   ,#DIV/0!,,,,,,,,,,,,
,,,,,,,, ₱ -   ,, ₱ -   ,, ₱ -   ,#DIV/0!,,,,,,,,,,,,
,,,,,,,, ₱ -   ,, ₱ -   ,, ₱ -   ,#DIV/0!,,,,,,,,,,,,
,,,,,,,, ₱ -   ,, ₱ -   ,, ₱ -   ,#DIV/0!,,,,,,,,,,,,
,,,,,,,, ₱ -   ,, ₱ -   ,, ₱ -   ,#DIV/0!,,,,,,,,,,,,
,,,,,,,, ₱ -   ,, ₱ -   ,, ₱ -   ,#DIV/0!,,,,,,,,,,,,
,,,,,,,, ₱ -   ,, ₱ -   ,, ₱ -   ,#DIV/0!,,,,,,,,,,,,
,,,,,,,, ₱ -   ,, ₱ -   ,, ₱ -   ,#DIV/0!,,,,,,,,,,,,
,,,,,,,, ₱ -   ,, ₱ -   ,, ₱ -   ,#DIV/0!,,,,,,,,,,,,
,,,,,,,, ₱ -   ,, ₱ -   ,, ₱ -   ,#DIV/0!,,,,,,,,,,,,
,,,,,,,, ₱ -   ,, ₱ -   ,, ₱ -   ,#DIV/0!,,,,,,,,,,,,
,,,,,,,, ₱ -   ,, ₱ -   ,, ₱ -   ,#DIV/0!,,,,,,,,,,,,
,,,,,,,, ₱ -   ,, ₱ -   ,, ₱ -   ,#DIV/0!,,,,,,,,,,,,
,,,,,,,, ₱ -   ,, ₱ -   ,, ₱ -   ,#DIV/0!,,,,,,,,,,,,
,,,,,,,, ₱ -   ,, ₱ -   ,, ₱ -   ,#DIV/0!,,,,,,,,,,,,
,,,,,,,, ₱ -   ,, ₱ -   ,, ₱ -   ,#DIV/0!,,,,,,,,,,,,
,,,,,,,, ₱ -   ,, ₱ -   ,, ₱ -   ,#DIV/0!,,,,,,,,,,,,
,,,,,,,, ₱ -   ,, ₱ -   ,, ₱ -   ,#DIV/0!,,,,,,,,,,,,
,,,,,,,, ₱ -   ,, ₱ -   ,, ₱ -   ,#DIV/0!,,,,,,,,,,,,
,,,,,,,, ₱ -   ,, ₱ -   ,, ₱ -   ,#DIV/0!,,,,,,,,,,,,
,,,,,,,, ₱ -   ,, ₱ -   ,, ₱ -   ,#DIV/0!,,,,,,,,,,,,
,,,,,,,, ₱ -   ,, ₱ -   ,, ₱ -   ,#DIV/0!,,,,,,,,,,,,
,,,,,,,, ₱ -   ,, ₱ -   ,, ₱ -   ,#DIV/0!,,,,,,,,,,,,
,,,,,,,, ₱ -   ,, ₱ -   ,, ₱ -   ,#DIV/0!,,,,,,,,,,,,
,,,,,,,, ₱ -   ,, ₱ -   ,, ₱ -   ,#DIV/0!,,,,,,,,,,,,
,,,,,,,, ₱ -   ,, ₱ -   ,, ₱ -   ,#DIV/0!,,,,,,,,,,,,
,,,,,,,, ₱ -   ,, ₱ -   ,, ₱ -   ,#DIV/0!,,,,,,,,,,,,
,,,,,,,, ₱ -   ,, ₱ -   ,, ₱ -   ,#DIV/0!,,,,,,,,,,,,
,,,,,,,, ₱ -   ,, ₱ -   ,, ₱ -   ,#DIV/0!,,,,,,,,,,,,
,,,,,,,, ₱ -   ,, ₱ -   ,, ₱ -   ,#DIV/0!,,,,,,,,,,,,
,,,,,,,, ₱ -   ,, ₱ -   ,, ₱ -   ,#DIV/0!,,,,,,,,,,,,
,,,,,,,, ₱ -   ,, ₱ -   ,, ₱ -   ,#DIV/0!,,,,,,,,,,,,
,,,,,,,, ₱ -   ,, ₱ -   ,, ₱ -   ,#DIV/0!,,,,,,,,,,,,
,,,,,,,, ₱ -   ,, ₱ -   ,, ₱ -   ,#DIV/0!,,,,,,,,,,,,
,,,,,,,, ₱ -   ,, ₱ -   ,, ₱ -   ,#DIV/0!,,,,,,,,,,,,
,,,,,,,,,,,, ₱ -   ,#DIV/0!,,,,,,,,,,,,
,,,,,,,," ₱ 402,900.08 ",," ₱ 527,891.54 "," ₱ 527,891.54 "," ₱ 124,991.46 ",23.68%,,,,,,,,,,,,