 DATE,S/N,PO NUMBER,COMPANY,CATEGORY,ITEM,QUANTITY REQUESTED,SUPPLIER'S PRICE,TOTAL ACTUAL AMOUNT,NAM UNIT PRICE,TOTAL NAM AMOUNT,TOTAL NAM AMOUNT SUB TOTAL,INCOME,INCOME PERCENT,,DATE DELIVERED,PAYMENT TERM,DUE DATE,SI NUMBER, REMARKS,SUPPLIER,ADDRESS,TIN,SALES INVOICE NO.,CONTACT PERSON/CONTACT #
 ,,,,,,,,,,,,,,,,,,,,,,,,
01/03/2026,001,SLP-NAM-26-003,ENSLP,OFFICE SUPPLIES,EXPANDABLE FOLDER BLUE SHORT,20, ₱ 13.00 , ₱ 260.00 , ₱ 23.40 , ₱ 468.00 ,, ₱ 208.00 ,44%,,01/06/2026,30,02/06/2026,0193,,PAMCO,,,,
01/03/2026,001,SLP-NAM-26-003,ENSLP,OFFICE SUPPLIES,EXPANDABLE FOLDER BLUE LONG,20, ₱ 20.00 , ₱ 400.00 , ₱ 25.00 , ₱ 500.00 ,, ₱ 100.00 ,20%,,01/06/2026,30,02/06/2026,0193,,PAMCO,,,,
01/03/2026,001,SLP-NAM-26-003,ENSLP,OFFICE SUPPLIES,ENERGIZER BATTREY AAA (4PCS/PACK),2, ₱ 207.00 , ₱ 414.00 , ₱ 285.00 , ₱ 570.00 ,, ₱ 156.00 ,27%,,01/06/2026,30,02/06/2026,0194,,PAMCO,,,,
01/03/2026,001,SLP-NAM-26-003,ENSLP,OFFICE SUPPLIES,HBW MATRIX BACK PEN,10, ₱ 4.00 , ₱ 40.00 , ₱ 6.92 , ₱ 69.20 ,, ₱ 29.20 ,42%,,01/06/2026,30,02/06/2026,0193,,PAMCO,,,,
01/03/2026,001,SLP-NAM-26-003,ENSLP,OFFICE SUPPLIES,WHITE FOLDER LONG,10, ₱ 6.00 , ₱ 60.00 , ₱ 9.00 , ₱ 90.00 ,, ₱ 30.00 ,33%,,01/06/2026,30,02/06/2026,0193,,PAMCO,,,,
01/03/2026,001,SLP-NAM-26-003,ENSLP,OFFICE SUPPLIES,HBW CORRECTION TAPE,6, ₱ 15.00 , ₱ 90.00 , ₱ 23.00 , ₱ 138.00 ,, ₱ 48.00 ,35%,,01/06/2026,30,02/06/2026,0193,,PAMCO,,,,
01/03/2026,001,SLP-NAM-26-003,ENSLP,OFFICE SUPPLIES,VINYL PAPER CLIP 50MM,2, ₱ 9.00 , ₱ 18.00 , ₱ 15.00 , ₱ 30.00 ,, ₱ 12.00 ,40%,,01/06/2026,30,02/06/2026,0193,,PAMCO,,,,
01/03/2026,001,SLP-NAM-26-003,ENSLP,OFFICE SUPPLIES,I.D CLIP METAL,50, ₱ 1.00 , ₱ 50.00 , ₱ 2.40 , ₱ 120.00 ,, ₱ 70.00 ,58%,,01/06/2026,30,02/06/2026,0194,,PAMCO,,,,
,,,,,,,,,,," ₱ 1,985.20 ",,,,,,,,,,,,,
01/03/2026,002,SLP-NAM-26-001,ENSLP,CLEANING MATERIALS,ALBATROSS 100g REFILL ONLY (SWEET MARMALADE/LEMON),3, ₱ 50.00 , ₱ 150.00 , ₱ 72.00 , ₱ 216.00 ,, ₱ 66.00 ,31%,,01/06/2026,30,02/06/2026,0195,,,,,,
01/03/2026,002,SLP-NAM-26-001,ENSLP,CLEANING MATERIALS,DISHWASHING LIQUID,1, ₱ 130.00 , ₱ 130.00 , ₱ 176.00 , ₱ 176.00 ,, ₱ 46.00 ,26%,,01/06/2026,30,02/06/2026,0195,,,,,,
01/03/2026,002,SLP-NAM-26-001,ENSLP,CLEANING MATERIALS,GARBAGE BAG LARGE 100'S,1, ₱ 220.00 , ₱ 220.00 , ₱ 370.00 , ₱ 370.00 ,, ₱ 150.00 ,41%,,01/06/2026,30,02/06/2026,0195,,,,,,
01/03/2026,002,SLP-NAM-26-001,ENSLP,CLEANING MATERIALS,WHITE ROUND RAGS,5, ₱ 60.00 , ₱ 300.00 , ₱ 72.00 , ₱ 360.00 ,, ₱ 60.00 ,17%,,01/06/2026,30,02/06/2026,0195,,,,,,
01/03/2026,002,SLP-NAM-26-001,ENSLP,CLEANING MATERIALS,GARBAGE BAG XXL,1, ₱ 460.00 , ₱ 460.00 , ₱ 637.00 , ₱ 637.00 ,, ₱ 177.00 ,28%,,01/06/2026,30,02/06/2026,0195,,,,,,
01/03/2026,002,SLP-NAM-26-001,ENSLP,CLEANING MATERIALS,SCOTHCH BRITE WITH FOAM,5, ₱ 15.00 , ₱ 75.00 , ₱ 18.00 , ₱ 90.00 ,, ₱ 15.00 ,17%,,01/06/2026,30,02/06/2026,0195,,SHOPEE,,,,
01/03/2026,002,SLP-NAM-26-001,ENSLP,CLEANING MATERIALS,SCOTHCH BRITE WITHOUT FOAM,5, ₱ 8.00 , ₱ 40.00 , ₱ 13.00 , ₱ 65.00 ,, ₱ 25.00 ,38%,,01/06/2026,30,02/06/2026,0196,,,,,,
01/03/2026,002,SLP-NAM-26-001,ENSLP,CLEANING MATERIALS,GARBAGE BAG XL,1, ₱ 220.00 , ₱ 220.00 , ₱ 507.00 , ₱ 507.00 ,, ₱ 287.00 ,57%,,01/06/2026,30,02/06/2026,0196,,,,,,
,,,,,,,,,,," ₱ 2,421.00 ",,,,,,,,,,,,,
01/06/2026,003,PH-P20260106-0004,T.E OPTO,CONSUMABLES,CORRUGATED BOARD 1040mm*765mm*6mm,1000, ₱ 33.00 ," ₱ 33,000.00 ", ₱ 56.25 ," ₱ 56,250.00 ",," ₱ 23,250.00 ",41%,,,,,,,GGC MARKETING ,,,,
01/06/2026,003,PH-P20260106-0004,T.E OPTO,CONSUMABLES,CORRUGATED BOARD 1040mm*360mm*6mm,1000, ₱ 17.00 ," ₱ 17,000.00 ", ₱ 38.25 ," ₱ 38,250.00 ",," ₱ 21,250.00 ",56%,,,,,,,GGC MARKETING ,,,,
01/06/2026,003,PH-P20260106-0004,T.E OPTO,CONSUMABLES,CORRUGATED BOARD 765mm*360mm*6mm,2000, ₱ 13.50 ," ₱ 27,000.00 ", ₱ 29.93 ," ₱ 59,860.00 ",," ₱ 32,860.00 ",55%,,,,,,,GGC MARKETING ,,,,
,,,,,,,,,,," ₱ 154,360.00 ",,,,,,,,,,,,,
01/07/2026,004,SLP-NAM-26-004,ENSLP ,CLEANING MATERIALS,ROUND RAG WHITE,10, ₱ 60.00 , ₱ 600.00 , ₱ 72.00 , ₱ 720.00 ,, ₱ 120.00 ,17%,,01/08/2026,30,02/08/2026,0119,,,,,,
01/07/2026,004,SLP-NAM-26-004,ENSLP ,OFFICE SUPPLY,MARKER PILOT REFILL INK (BLUE),2, ₱ 64.00 , ₱ 128.00 , ₱ 92.00 , ₱ 184.00 ,, ₱ 56.00 ,30%,,01/08/2026,30,02/08/2026,0119,,PAMCO,,,,
01/07/2026,004,SLP-NAM-26-004,ENSLP ,OFFICE SUPPLY,ARCH FILE BLACK,3, ₱ 48.00 , ₱ 144.00 , ₱ 116.38 , ₱ 349.14 ,, ₱ 205.14 ,59%,,01/08/2026,30,02/08/2026,0119,,PAMCO,,,,
01/07/2026,004,SLP-NAM-26-004,ENSLP ,OFFICE SUPPLY,EXPANDABLE FOLDER BLUE LONG,2, ₱ 20.00 , ₱ 40.00 , ₱ 25.00 , ₱ 50.00 ,, ₱ 10.00 ,20%,,01/08/2026,30,02/08/2026,0119,,PAMCO,,,,
01/07/2026,004,SLP-NAM-26-004,ENSLP ,OFFICE SUPPLY,SCISSOR,1, ₱ 26.00 , ₱ 26.00 , ₱ 53.20 , ₱ 53.20 ,, ₱ 27.20 ,51%,,01/08/2026,30,02/08/2026,0119,,PAMCO,,,,
,,,,,,,,,,," ₱ 1,356.34 ",,,,,,,,,,,,,
01/07/2026,005,,SUMOPAK,OFFICE TOOLS AND EQUIPMENT,DN100 GLOVE VALVE,2," ₱ 37,200.00 "," ₱ 74,400.00 "," ₱ 44,032.00 "," ₱ 88,064.00 ",," ₱ 13,664.00 ",16%,,01/07/2026,30 DAYS,,,,,,,,
01/07/2026,005,,SUMOPAK,OFFICE TOOLS AND EQUIPMENT,DN50 WELDED FLANGE 2'',6, ₱ 170.00 ," ₱ 1,020.00 ", ₱ 217.60 ," ₱ 1,305.60 ",, ₱ 285.60 ,22%,,01/07/2026,30 DAYS,,,,,,,,
01/07/2026,005,,SUMOPAK,OFFICE TOOLS AND EQUIPMENT,DN125 WELDED FLANGE 8HOLES,6, ₱ 350.00 ," ₱ 2,100.00 ", ₱ 448.00 ," ₱ 2,688.00 ",, ₱ 588.00 ,22%,,01/07/2026,30 DAYS,,,,,,,,
01/07/2026,005,,SUMOPAK,OFFICE FURNITURE & FIXTURES,DN150 WELDED FLANGE 6'',8, ₱ 465.00 ," ₱ 3,720.00 ", ₱ 595.00 ," ₱ 4,760.00 ",," ₱ 1,040.00 ",22%,,01/07/2026,30 DAYS,,,,,,,,
,,,,,,,,,,," ₱ 96,817.60 ",,,,,,,,,,,,,
01/08/2026,006,,SUMOPAK,OFFICE TOOLS AND EQUIPMENT,BRASS FULL BORE 2 WAY BALL VALVE 1 1/2'',4," ₱ 3,300.00 "," ₱ 13,200.00 "," ₱ 4,480.00 "," ₱ 17,920.00 ",," ₱ 4,720.00 ",26%,,01/08/2026,30 DAYS,,,,,,,,
01/08/2026,006,,SUMOPAK,OFFICE TOOLS AND EQUIPMENT,BRASS FULL BORE 2 WAY BALL VALVE 1 1/4'',4," ₱ 3,000.00 "," ₱ 12,000.00 "," ₱ 3,584.00 "," ₱ 14,336.00 ",," ₱ 2,336.00 ",16%,,01/08/2026,30 DAYS,,,,,,,,
01/08/2026,006,,SUMOPAK,OFFICE TOOLS AND EQUIPMENT,BRASS FULL BORE 2 WAY BALL VALVE 1'',4," ₱ 2,500.00 "," ₱ 10,000.00 "," ₱ 3,072.00 "," ₱ 12,288.00 ",," ₱ 2,288.00 ",19%,,01/08/2026,30 DAYS,,,,,,,,
,,,,,,,,,,," ₱ 44,544.00 ",,,,,,,,,,,,,
01/08/2026,007,,ITC,OFFICE FURNITURE & FIXTURES,TCL 55'',2," ₱ 19,290.00 "," ₱ 38,580.00 "," ₱ 21,999.00 "," ₱ 43,998.00 ",," ₱ 5,418.00 ",12%,,,,,,,,,,,
01/08/2026,007,,ITC,OFFICE FURNITURE & FIXTURES,TCL 24'',2," ₱ 2,890.00 "," ₱ 5,780.00 "," ₱ 3,857.00 "," ₱ 7,714.00 ",," ₱ 1,934.00 ",25%,,,,,,,,,,,
,,,,,,,,,,," ₱ 51,712.00 ",,,,,,,,,,,,,
01/08/2026,008,0009000,SANKO ,OFFICE SUPPLY,SPECIALTY PAPER WORKS 200GSM,9, ₱ 40.00 , ₱ 360.00 , ₱ 53.20 , ₱ 478.80 ,, ₱ 118.80 ,25%,,01/08/2026,30,02/08/2026,0120,,FORMOSA,,,,
01/08/2026,008,0009000,SANKO ,OFFICE SUPPLY,PEN CUTTER,2, ₱ 16.50 , ₱ 33.00 , ₱ 31.25 , ₱ 62.50 ,, ₱ 29.50 ,47%,,,,,,,SHOPEE,,,,
,,,,,,,,,,, ₱ 541.30 ,,,,,,,,,,,,,
01/08/2026,009,PO-00010436,UNIPRESIDENT,MATERIALS,WHITE SAND,1," ₱ 3,600.00 "," ₱ 3,600.00 "," ₱ 5,443.20 "," ₱ 5,443.20 ",," ₱ 1,843.20 ",34%,,,,,,,,,,,
,,,,,,,,,,," ₱ 5,443.20 ",,,,,,,,,,,,,
01/08/2026,010,PO-25120100008,KINPO-FPIP,CONSUMABLES,COLORED ROUND RAGS,20, ₱ 42.00 , ₱ 840.00 , ₱ 50.00 ," ₱ 1,000.00 ",, ₱ 160.00 ,16%,,,,,,,,,,,
,,,,,,,,,,," ₱ 1,000.00 ",,,,,,,,,,,,,
01/08/2026,011,PO-25110600047,KINPO-LIMA,OFFICE SUPPLY,DOUBLE SIDED TAPE FOAM,50, ₱ 64.00 ," ₱ 3,200.00 ", ₱ 75.00 ," ₱ 3,750.00 ",, ₱ 550.00 ,15%,,,,,,,,,,,
,,,,,,,,,,," ₱ 3,750.00 ",,,,,,,,,,,,,
01/09/2026,012,PO-25120100008,KINPO-FPIP,CONSUMABLES,COLORED ROUND RAGS,20, ₱ 42.00 , ₱ 840.00 , ₱ 50.00 ," ₱ 1,000.00 ",, ₱ 160.00 ,16%,,,,,,,,,,,
,,,,,,,,,,," ₱ 1,000.00 ",,,,,,,,,,,,,
01/09/2026,013,PO-25110600047,KINPO-FPIP,OFFICE SUPPLY,DOUBLE SIDED TAPE FOAM,50, ₱ 56.00 ," ₱ 2,800.00 ", ₱ 75.00 ," ₱ 3,750.00 ",, ₱ 950.00 ,25%,,,,,,,,,,,
,,,,,,,,,,," ₱ 3,750.00 ",,,,,,,,,,,,,
01/12/2026,014,,SABPPTECH,COMPANY UNIFORM,REFLECTORIZED LONG SLEEVES,50, ₱ 193.00 ," ₱ 9,650.00 ", ₱ 260.00 ," ₱ 13,000.00 ",," ₱ 3,350.00 ",26%,,,,,,,,,,,
,,,,,,,,,,," ₱ 13,000.00 ",,,,,,,,,,,,,
01/12/2026,015,PHC0414-26010005,CHANGHONG,OFFICE SUPPLY,DOUBLE SIDED TAPE,5, ₱ 18.00 , ₱ 90.00 , ₱ 21.00 , ₱ 105.00 ,, ₱ 15.00 ,14%,,01/24/2026,,,,,PAMCO,,,,
01/12/2026,015,PHC0414-26010005,CHANGHONG,OFFICE SUPPLY,BALLPEN FABER CASTEL BLACK,45, ₱ 4.00 , ₱ 180.00 , ₱ 5.40 , ₱ 243.00 ,, ₱ 63.00 ,26%,,01/24/2026,,,,,PAMCO,,,,
01/12/2026,015,PHC0414-26010005,CHANGHONG,OFFICE SUPPLY,PERMANENT TWIN MARKER BLACK,2, ₱ 10.00 , ₱ 20.00 , ₱ 12.50 , ₱ 25.00 ,, ₱ 5.00 ,20%,,01/20/2026,,,,,PAMCO,,,,
01/12/2026,015,PHC0414-26010005,CHANGHONG,OFFICE SUPPLY,STAMP PAD INK BLUE 50cc,5, ₱ 20.00 , ₱ 100.00 , ₱ 21.25 , ₱ 106.25 ,, ₱ 6.25 ,6%,,01/20/2026,,,,,PAMCO,,,,
01/12/2026,015,PHC0414-26010005,CHANGHONG,OFFICE SUPPLY,FOLDER WHITE LONG,5, ₱ 3.80 , ₱ 19.00 , ₱ 4.63 , ₱ 23.15 ,, ₱ 4.15 ,18%,,,,,,,PAMCO,,,,
01/12/2026,015,PHC0414-26010005,CHANGHONG,OFFICE SUPPLY,STAPLE WIRE #35,2, ₱ 27.00 , ₱ 54.00 , ₱ 30.00 , ₱ 60.00 ,, ₱ 6.00 ,10%,,,,,,,PAMCO,,,,
01/12/2026,015,PHC0414-26010005,CHANGHONG,OFFICE SUPPLY,DOUBLE SIDED TAPE ,30, ₱ 20.00 , ₱ 600.00 , ₱ 21.00 , ₱ 630.00 ,, ₱ 30.00 ,5%,,,,,,,PAMCO,,,,
01/12/2026,015,PHC0414-26010005,CHANGHONG,OFFICE SUPPLY,CLIPBOARD,3, ₱ 35.00 , ₱ 105.00 , ₱ 45.00 , ₱ 135.00 ,, ₱ 30.00 ,22%,,,,,,,PAMCO,,,,
01/12/2026,015,PHC0414-26010005,CHANGHONG,CLEANING MATERIALS,RAGS COLORED,70, ₱ 35.00 ," ₱ 2,450.00 ", ₱ 50.00 ," ₱ 3,500.00 ",," ₱ 1,050.00 ",30%,,,,,,.,,,,,
01/12/2026,015,PHC0414-26010005,CHANGHONG,CLEANING MATERIALS,RAGS WHITE,70, ₱ 60.00 ," ₱ 4,200.00 ", ₱ 70.00 ," ₱ 4,900.00 ",, ₱ 700.00 ,14%,,,,,,.,,,,,
01/12/2026,015,PHC0414-26010005,CHANGHONG,CLEANING MATERIALS,BROOM,3, ₱ 120.00 , ₱ 360.00 , ₱ 180.00 , ₱ 540.00 ,, ₱ 180.00 ,33%,,01/24/2026,,,,,PAMCO,,,,
01/12/2026,015,PHC0414-26010005,CHANGHONG,OFFICE SUPPLY,GLUE STICK BIG,80, ₱ 5.00 , ₱ 400.00 , ₱ 7.00 , ₱ 560.00 ,, ₱ 160.00 ,29%,,01/20/2026,,,,,PAMCO,,,,
01/12/2026,015,PHC0414-26010005,CHANGHONG,OFFICE SUPPLY,DOUBLE SIDED TAPE,50, ₱ 18.00 , ₱ 900.00 , ₱ 21.00 ," ₱ 1,050.00 ",, ₱ 150.00 ,14%,,01/24/2026,,,,,PAMCO,,,,
01/12/2026,015,PHC0414-26010005,CHANGHONG,OFFICE SUPPLY,BALLPEN FABER CASTEL BLACK,10, ₱ 4.00 , ₱ 40.00 , ₱ 5.40 , ₱ 54.00 ,, ₱ 14.00 ,26%,,01/24/2026,,,,,PAMCO,,,,
01/12/2026,015,PHC0414-26010005,CHANGHONG,CLEANING MATERIALS,BROOM,4, ₱ 160.00 , ₱ 640.00 , ₱ 180.00 , ₱ 720.00 ,, ₱ 80.00 ,11%,,01/24/2026,,,,,PAMCO,,,,
01/12/2026,015,PHC0414-26010005,CHANGHONG,OFFICE SUPPLY,BALLPEN FABER CASTEL BLACK,30, ₱ 4.00 , ₱ 120.00 , ₱ 5.40 , ₱ 162.00 ,, ₱ 42.00 ,26%,,01/24/2026,,,,,PAMCO,,,,
01/12/2026,015,PHC0414-26010005,CHANGHONG,CLEANING MATERIALS,RAGS COLORED,150, ₱ 35.00 , ₱ 42.00 , ₱ 50.00 ," ₱ 7,500.00 ",," ₱ 7,458.00 ",99%,,,,,,,PAMCO,,,,
,,,,,,,,,,," ₱ 20,313.40 ",,,,,,,,,,,,,
01/12/2026,016,ADMNPO-2026-001-018,COVAC,OFFICE SUPPLY,A4 BOND PAPER HARDCOPY,10, ₱ 180.00 ," ₱ 1,800.00 ", ₱ 205.00 ," ₱ 2,050.00 ",, ₱ 250.00 ,12%,,,,,,,,,,,
01/12/2026,016,ADMNPO-2026-001-018,COVAC,OFFICE SUPPLY,STAPLE WIRE NO.35,1, ₱ 27.00 , ₱ 27.00 , ₱ 32.40 , ₱ 32.40 ,, ₱ 5.40 ,17%,,,,,,,,,,,
01/12/2026,016,ADMNPO-2026-001-018,COVAC,OFFICE SUPPLY,LONG EXPANDABLE FOLDER,20, ₱ 13.00 , ₱ 260.00 , ₱ 20.25 , ₱ 405.00 ,, ₱ 145.00 ,36%,,,,,,,,,,,
,,,,,,,,,,," ₱ 2,487.40 ",,,,,,,,,,,,,
01/12/2026,017,ADMNPO-2026-001-019,COVAC,OFFICE SUPPLY,LONG EXPANDABLE FOLDER,15, ₱ 13.00 , ₱ 195.00 , ₱ 20.25 , ₱ 303.75 ,, ₱ 108.75 ,36%,,,,,,,,,,,
01/12/2026,017,ADMNPO-2026-001-019,COVAC,OFFICE SUPPLY,ORDINARY PLASTIC FASTENER,1, ₱ 1.00 , ₱ 1.00 , ₱ 43.20 , ₱ 43.20 ,, ₱ 42.20 ,98%,,,,,,,,,,,
,,,,,,,,,,, ₱ 346.95 ,,,,,,,,,,,,,
01/12/2026,018,ADMNPO-2026-001-020,COVAC,OFFICE SUPPLY,A4 BOND PAPER HARDCOPY,5, ₱ 190.00 , ₱ 950.00 , ₱ 205.00 ," ₱ 1,025.00 ",, ₱ 75.00 ,7%,,,,,,,,,,,
,,,,,,,,,,," ₱ 1,025.00 ",,,,,,,,,,,,,
01/12/2026,019,ADMNPO-2026-001-022,COVAC,OFFICE SUPPLY,A4 BOND PAPER HARDCOPY,15, ₱ 190.00 ," ₱ 2,850.00 ", ₱ 205.00 ," ₱ 3,075.00 ",, ₱ 225.00 ,7%,,,,,,,,,,,
01/12/2026,019,ADMNPO-2026-001-022,COVAC,OFFICE SUPPLY,WHITEBOARD MARKER (BLACK),5, ₱ 20.00 , ₱ 100.00 , ₱ 28.35 , ₱ 141.75 ,, ₱ 41.75 ,29%,,,,,,,,,,,
,,,,,,,,,,," ₱ 3,216.75 ",,,,,,,,,,,,,
01/12/2026,020,ADMNPO-2026-001-023,COVAC,OFFICE SUPPLY,A4 BOND PAPER HARDCOPY,15, ₱ 190.00 ," ₱ 2,850.00 ", ₱ 205.00 ," ₱ 3,075.00 ",, ₱ 225.00 ,7%,,,,,,,,,,,
01/12/2026,020,ADMNPO-2026-001-023,COVAC,OFFICE SUPPLY,CLEARSHEET A4,2, ₱ 130.00 , ₱ 260.00 , ₱ 175.50 , ₱ 351.00 ,, ₱ 91.00 ,26%,,,,,,,,,,,
01/12/2026,020,ADMNPO-2026-001-023,COVAC,OFFICE SUPPLY,GREEN EXPANDABLE FOLDER (SHORT),10, ₱ 13.00 , ₱ 130.00 , ₱ 16.00 , ₱ 160.00 ,, ₱ 30.00 ,19%,,,,,,,,,,,
01/12/2026,020,ADMNPO-2026-001-023,COVAC,OFFICE SUPPLY,COATED CLIPS NO.33,1, ₱ 9.00 , ₱ 9.00 , ₱ 12.15 , ₱ 12.15 ,, ₱ 3.15 ,26%,,,,,,,,,,,
01/12/2026,020,ADMNPO-2026-001-023,COVAC,OFFICE SUPPLY,SHORT BROWN ENVELOPE,10, ₱ 1.50 , ₱ 15.00 , ₱ 2.57 , ₱ 25.70 ,, ₱ 10.70 ,42%,,,,,,,,,,,
01/12/2026,020,ADMNPO-2026-001-023,COVAC,OFFICE SUPPLY,STICKY NOTES 3X3 HBW,5, ₱ 18.00 , ₱ 90.00 , ₱ 20.25 , ₱ 101.25 ,, ₱ 11.25 ,11%,,,,,,,,,,,
,,,,,,,,,,," ₱ 3,725.10 ",,,,,,,,,,,,,
01/12/2026,021,ADMNPO-2026-001-026,COVAC,OFFICE SUPPLY,DISHWASHING LIQUID,20, ₱ 100.00 ," ₱ 2,000.00 ", ₱ 135.00 ," ₱ 2,700.00 ",, ₱ 700.00 ,26%,,,,,,,,,,,
,,,,,,,,,,," ₱ 2,700.00 ",,,,,,,,,,,,,
01/12/2026,022,ADMNPO-2026-001-029,COVAC,OFFICE SUPPLY,ARCH FILE A4/SHORT,3, ₱ 70.00 , ₱ 210.00 , ₱ 101.25 , ₱ 303.75 ,, ₱ 93.75 ,31%,,,,,,,,,,,
,,,,,,,,,,, ₱ 303.75 ,,,,,,,,,,,,,
01/14/2026,023,OPEN PO,ITC,OFFICE SUPPLY,PACKAGING TAPE (synergy),250, ₱ 37.00 ," ₱ 9,250.00 ", ₱ 51.87 ," ₱ 12,967.50 ",," ₱ 3,717.50 ",29%,,,,,,,,,,,
,,,,,,,,,,," ₱ 12,967.50 ",,,,,,,,,,,,,
01/14/2026,024,2026-00014,ASTI,OFFICE SUPPLY,A4 HARDCOPY BONDPAPER,10, ₱ 180.00 ," ₱ 1,800.00 ", ₱ 208.80 ," ₱ 2,088.00 ",, ₱ 288.00 ,14%,,,,,,,PAMCO,,,,
01/14/2026,024,2026-00014,ASTI,OFFICE SUPPLY,COLORED PAPER BLUE NAPPCO 80gsm,5, ₱ 355.00 ," ₱ 1,775.00 ", ₱ 500.00 ," ₱ 2,500.00 ",, ₱ 725.00 ,29%,,,,,,,PAMCO,,,,
01/14/2026,024,2026-00014,ASTI,OFFICE SUPPLY,STICKER PAPER GREEN,30, ₱ 41.00 ," ₱ 1,230.00 ", ₱ 44.40 ," ₱ 1,332.00 ",, ₱ 102.00 ,8%,,,,,,,SHOPEE,,,,
,,,,,,,,,,," ₱ 5,920.00 ",,,,,,,,,,,,,
01/15/2026,025,PO00005272,ENKEI,PPE,POWERHOUSE VHEAVY DUTY AUTO DARKENING MASK,2," ₱ 1,893.00 "," ₱ 3,786.00 "," ₱ 3,469.97 "," ₱ 6,939.94 ",," ₱ 3,153.94 ",45%,,,,,,,SHOPEE,,,,
,,,,,,,,,,," ₱ 6,939.94 ",,,,,,,,,,,,,
01/15/2026,026,PO/AP/26/01-0081,MYBRUSH,OFFICE TOOLS AND EQUIPMENT,ACU DRAIN PUMP,3, ₱ 219.56 , ₱ 658.68 , ₱ 451.44 ," ₱ 1,354.32 ",, ₱ 695.64 ,51%,,,,,,,SHOPEE,,,,
01/15/2026,026,PO/AP/26/01-0081,MYBRUSH,OFFICE TOOLS AND EQUIPMENT,GREASE PASTE HEAT 15GRAMS,10, ₱ 20.00 , ₱ 200.00 , ₱ 66.50 , ₱ 665.00 ,, ₱ 465.00 ,70%,,,,,,,SHOPEE,,,,
01/15/2026,026,PO/AP/26/01-0081,MYBRUSH,OFFICE TOOLS AND EQUIPMENT,SUS304 ROUND HEAD SCREW - M3*10,40, ₱ 2.17 , ₱ 86.80 , ₱ 3.82 , ₱ 152.95 ,, ₱ 66.15 ,43%,,,,,,,SHOPEE,,,,
01/15/2026,026,PO/AP/26/01-0081,MYBRUSH,OFFICE TOOLS AND EQUIPMENT,SUS304 ROUND HEAD SCREW - M3*12,40, ₱ 2.45 , ₱ 98.00 , ₱ 2.66 , ₱ 106.30 ,, ₱ 8.30 ,8%,,,,,,,SHOPEE,,,,
,,,,,,,,,,," ₱ 2,278.57 ",,,,,,,,,,,,,
01/15/2026,027,PO/AP/26/01-0080,MYBRUSH,OFFICE TOOLS AND EQUIPMENT,COOLING MOTOR,1," ₱ 41,872.00 "," ₱ 41,872.00 "," ₱ 82,866.37 "," ₱ 82,866.37 ",," ₱ 40,994.37 ",49%,,,,,,,,,,,
,,,,,,,,,,," ₱ 82,866.37 ",,,,,,,,,,,,,
01/15/2026,028,PO/AP/26/01-0117,MYBRUSH,CLEANING MATERIALS,GLASS CLEANER,3, ₱ 90.00 , ₱ 270.00 , ₱ 192.19 , ₱ 576.57 ,, ₱ 306.57 ,53%,,,,,,,LAM GENERAL MERCH INC.,TANAUAN,776-131-264-00003,9704/0224730,
01/15/2026,028,PO/AP/26/01-0117,MYBRUSH,CLEANING MATERIALS,LYSOL PINK,3, ₱ 109.00 , ₱ 327.00 , ₱ 344.47 ," ₱ 1,033.41 ",, ₱ 706.41 ,68%,,,,,,,WRAP & CARRY,TANAUAN,137-827-797-00000,1555346,
01/15/2026,028,PO/AP/26/01-0117,MYBRUSH,CLEANING MATERIALS,SCOTCH BRITE,8, ₱ 16.00 , ₱ 128.00 , ₱ 19.95 , ₱ 159.60 ,, ₱ 31.60 ,20%,,,,,,,SHOPEE,,,,
,,,,,,,,,,," ₱ 1,769.58 ",,,,,,,,,,,,,
01/15/2026,029,P-260000054-O1,EZCONN,CLEANING MATERIALS,ROBOTIC CLEANER,3," ₱ 29,999.00 "," ₱ 89,997.00 "," ₱ 32,944.00 "," ₱ 98,832.00 ",," ₱ 8,835.00 ",9%,,,,,,,,,,,
,,,,,,,,,,," ₱ 98,832.00 ",,,,,,,,,,,,,
01/15/2026,030,MPO-2026-01-028,YAHORNG,OFFICE SUPPLY,BALLPEN FLEXSTICK 0.5MM BLACK,66, ₱ 4.00 , ₱ 264.00 , ₱ 6.06 , ₱ 399.96 ,, ₱ 135.96 ,34%,,,,,,,,,,,
01/15/2026,030,MPO-2026-01-028,YAHORNG,OFFICE SUPPLY,BALLPEN FLEXSTICK 0.5MM RED,5, ₱ 4.00 , ₱ 20.00 , ₱ 6.06 , ₱ 30.30 ,, ₱ 10.30 ,34%,,,,,,,,,,,
01/15/2026,030,MPO-2026-01-028,YAHORNG,OFFICE SUPPLY,BINDER CLIP 2,2, ₱ 58.00 , ₱ 116.00 , ₱ 68.75 , ₱ 137.50 ,, ₱ 21.50 ,16%,,,,,,,,,,,
01/15/2026,030,MPO-2026-01-028,YAHORNG,OFFICE SUPPLY,BINDER CLIP 1,2, ₱ 17.00 , ₱ 34.00 , ₱ 22.40 , ₱ 44.80 ,, ₱ 10.80 ,24%,,,,,,,,,,,
01/15/2026,030,MPO-2026-01-028,YAHORNG,OFFICE SUPPLY,BINDER CLIP 1 1/4,2, ₱ 24.00 , ₱ 48.00 , ₱ 30.80 , ₱ 61.60 ,, ₱ 13.60 ,22%,,,,,,,,,,,
01/15/2026,030,MPO-2026-01-028,YAHORNG,OFFICE SUPPLY,DONG A MY GEL 0.3 BLACK,34, ₱ 19.00 , ₱ 646.00 , ₱ 24.00 , ₱ 816.00 ,, ₱ 170.00 ,21%,,,,,,,,,,,
01/15/2026,030,MPO-2026-01-028,YAHORNG,OFFICE SUPPLY,DONG A MY GEL 0.5 RED,4, ₱ 17.50 , ₱ 70.00 , ₱ 24.00 , ₱ 96.00 ,, ₱ 26.00 ,27%,,,,,,,,,,,
01/15/2026,030,MPO-2026-01-028,YAHORNG,OFFICE SUPPLY,LONG WHITE FOLDER,13, ₱ 3.80 , ₱ 49.40 , ₱ 5.13 , ₱ 66.69 ,, ₱ 17.29 ,26%,,,,,,,,,,,
01/15/2026,030,MPO-2026-01-028,YAHORNG,OFFICE SUPPLY,FABER CASTEL HIGHLIGHTER (YELLOW GREEN),10, ₱ 23.00 , ₱ 230.00 , ₱ 28.60 , ₱ 286.00 ,, ₱ 56.00 ,20%,,,,,,,,,,,
01/15/2026,030,MPO-2026-01-028,YAHORNG,OFFICE SUPPLY,FABER CASTEL HIGHLIGHTER (NEON GREEN),1, ₱ 23.00 , ₱ 23.00 , ₱ 28.60 , ₱ 28.60 ,, ₱ 5.60 ,20%,,,,,,,,,,,
01/15/2026,030,MPO-2026-01-028,YAHORNG,OFFICE SUPPLY,STAPLER WITH REMOVER,2, ₱ 77.00 , ₱ 154.00 , ₱ 103.95 , ₱ 207.90 ,, ₱ 53.90 ,26%,,,,,,,,,,,
01/15/2026,030,MPO-2026-01-028,YAHORNG,CLEANING MATERIALS,DETERGENT POWDER 1 KG,5, ₱ 45.00 , ₱ 225.00 , ₱ 64.80 , ₱ 324.00 ,, ₱ 99.00 ,31%,,,,,,,,,,,
01/15/2026,030,MPO-2026-01-028,YAHORNG,CLEANING MATERIALS,TRASH BAG XX-LARGE 100'S BLACK,10, ₱ 460.00 ," ₱ 4,600.00 ", ₱ 575.00 ," ₱ 5,750.00 ",," ₱ 1,150.00 ",20%,,,,,,,,,,,
01/15/2026,030,MPO-2026-01-028,YAHORNG,CONSUMABLES,ZIPLOCK NO. 1,3, ₱ 25.00 , ₱ 75.00 , ₱ 33.25 , ₱ 99.75 ,, ₱ 24.75 ,25%,,,,,,,,,,,
01/15/2026,030,MPO-2026-01-028,YAHORNG,CONSUMABLES,ZIPLOCK NO. 5,3, ₱ 70.00 , ₱ 210.00 , ₱ 93.10 , ₱ 279.30 ,, ₱ 69.30 ,25%,,,,,,,,,,,
,,,,,,,,,,," ₱ 8,628.40 ",,,,,,,,,,,,,
01/16/2026,031,SLP-NAM-26-006,ENSLP,CLEANING MATERIALS,GARBAGE BAG XL BLACK,2, ₱ 220.00 , ₱ 440.00 , ₱ 557.00 ," ₱ 1,114.00 ",, ₱ 674.00 ,61%,,,,,,,,,,,
01/16/2026,031,SLP-NAM-26-006,ENSLP,CLEANING MATERIALS,ROUND RAG COLORED,8, ₱ 52.00 , ₱ 416.00 , ₱ 82.00 , ₱ 656.00 ,, ₱ 240.00 ,37%,,,,,,,,,,,
01/16/2026,031,SLP-NAM-26-006,ENSLP,OFFICE SUPPLY,PILOT WHITE BOARD MARKER BLUE,10, ₱ 50.00 , ₱ 500.00 , ₱ 57.60 , ₱ 576.00 ,, ₱ 76.00 ,13%,,,,,,,,,,,
01/16/2026,031,SLP-NAM-26-006,ENSLP,OFFICE SUPPLY,SDI CUTTER BLADE,1, ₱ 279.00 , ₱ 279.00 , ₱ 380.00 , ₱ 380.00 ,, ₱ 101.00 ,27%,,,,,,,,,,,
01/16/2026,031,SLP-NAM-26-006,ENSLP,OFFICE SUPPLY,CLEARSHEET,3, ₱ 130.00 , ₱ 390.00 , ₱ 220.00 , ₱ 660.00 ,, ₱ 270.00 ,41%,,,,,,,,,,,
01/16/2026,031,SLP-NAM-26-006,ENSLP,OFFICE SUPPLY,CUTTER,5, ₱ 24.00 , ₱ 120.00 , ₱ 50.00 , ₱ 250.00 ,, ₱ 130.00 ,52%,,,,,,,,,,,
,,,,,,,,,,," ₱ 3,636.00 ",,,,,,,,,,,,,
01/16/2026,032,OPEN PO,ITC,OFFICE FURNITURE & FIXTURES,CHILLER FUJIDENSO ISU143A3,1," ₱ 31,000.00 "," ₱ 31,000.00 "," ₱ 38,562.40 "," ₱ 38,562.40 ",," ₱ 7,562.40 ",20%,,,,,,,,,,,
,,,,,,,,,,," ₱ 38,562.40 ",,,,,,,,,,,,,
01/16/2026,033,OPEN PO,SUMOPAK,OFFICE TOOLS AND EQUIPMENT,CUTTING DISC 4'' X 1MM,20, ₱ 49.75 , ₱ 995.00 , ₱ 64.68 ," ₱ 1,293.60 ",, ₱ 298.60 ,23%,,,,,,,,,,,
,,,,,,,,,,," ₱ 1,293.60 ",,,,,,,,,,,,,
01/16/2026,034,PH-P20260116-0025,T.E OPTOELECTRONICS,OFFICE SUPPLY,BALLPEN MATRIX BLACK,15, ₱ 4.20 , ₱ 63.00 , ₱ 5.25 , ₱ 78.75 ,, ₱ 15.75 ,20%,,,,,,,,,,,
01/16/2026,034,PH-P20260116-0025,T.E OPTOELECTRONICS,OFFICE SUPPLY,SCISSORS,1, ₱ 26.00 , ₱ 26.00 , ₱ 32.50 , ₱ 32.50 ,, ₱ 6.50 ,20%,,,,,,,,,,,
01/16/2026,034,PH-P20260116-0025,T.E OPTOELECTRONICS,OFFICE SUPPLY,BALLPEN MATRIX BLACK,10, ₱ 4.20 , ₱ 42.00 , ₱ 5.25 , ₱ 52.50 ,, ₱ 10.50 ,20%,,,,,,,,,,,
01/16/2026,034,PH-P20260116-0025,T.E OPTOELECTRONICS,OFFICE SUPPLY,SCISSORS,2, ₱ 26.00 , ₱ 52.00 , ₱ 32.50 , ₱ 65.00 ,, ₱ 13.00 ,20%,,,,,,,,,,,
01/16/2026,034,PH-P20260116-0025,T.E OPTOELECTRONICS,CLEANING MATERIALS,PUMP BOTTLE,2, ₱ 35.00 , ₱ 70.00 , ₱ 43.75 , ₱ 87.50 ,, ₱ 17.50 ,20%,,,,,,,,,,,
01/16/2026,034,PH-P20260116-0025,T.E OPTOELECTRONICS,OFFICE SUPPLY,STAPLER,1, ₱ 60.00 , ₱ 60.00 , ₱ 75.00 , ₱ 75.00 ,, ₱ 15.00 ,20%,,,,,,,,,,,
01/16/2026,034,PH-P20260116-0025,T.E OPTOELECTRONICS,OFFICE SUPPLY,STAMP INK RED,2, ₱ 17.00 , ₱ 34.00 , ₱ 21.25 , ₱ 42.50 ,, ₱ 8.50 ,20%,,,,,,,,,,,
01/16/2026,034,PH-P20260116-0025,T.E OPTOELECTRONICS,OFFICE SUPPLY,STAMP INK BLACK,2, ₱ 20.00 , ₱ 40.00 , ₱ 25.00 , ₱ 50.00 ,, ₱ 10.00 ,20%,,,,,,,,,,,
01/16/2026,034,PH-P20260116-0025,T.E OPTOELECTRONICS,OFFICE SUPPLY,L-TYPE A4 SIZE,2, ₱ 48.00 , ₱ 96.00 , ₱ 60.00 , ₱ 120.00 ,, ₱ 24.00 ,20%,,,,,,,,,,,
01/16/2026,034,PH-P20260116-0025,T.E OPTOELECTRONICS,CLEANING MATERIALS,TABO,1, ₱ 25.00 , ₱ 25.00 , ₱ 31.25 , ₱ 31.25 ,, ₱ 6.25 ,20%,,,,,,,,,,,
01/16/2026,034,PH-P20260116-0025,T.E OPTOELECTRONICS,CLEANING MATERIALS,DUST PAN,1, ₱ 80.00 , ₱ 80.00 , ₱ 100.00 , ₱ 100.00 ,, ₱ 20.00 ,20%,,,,,,,,,,,
01/16/2026,034,PH-P20260116-0025,T.E OPTOELECTRONICS,OFFICE SUPPLY,BALLPEN MATRIX BLACK,10, ₱ 4.20 , ₱ 42.00 , ₱ 5.25 , ₱ 52.50 ,, ₱ 10.50 ,20%,,,,,,,,,,,
01/16/2026,034,PH-P20260116-0025,T.E OPTOELECTRONICS,OFFICE SUPPLY,L-TYPE A4 SIZE,2, ₱ 48.00 , ₱ 96.00 , ₱ 60.00 , ₱ 120.00 ,, ₱ 24.00 ,20%,,,,,,,,,,,
01/16/2026,034,PH-P20260116-0025,T.E OPTOELECTRONICS,OFFICE TOOLS AND EQUIPMENT,3 - LAYER DRAWER WITH LOCK,1, ₱ 800.00 , ₱ 800.00 ," ₱ 1,000.00 "," ₱ 1,000.00 ",, ₱ 200.00 ,20%,,,,,,,,,,,
01/16/2026,034,PH-P20260116-0025,T.E OPTOELECTRONICS,OFFICE SUPPLY,PENCIL MONGOL #2,1, ₱ 96.00 , ₱ 96.00 , ₱ 120.00 , ₱ 120.00 ,, ₱ 24.00 ,20%,,,,,,,,,,,
01/16/2026,034,PH-P20260116-0025,T.E OPTOELECTRONICS,OFFICE SUPPLY,ERASER,4, ₱ 20.00 , ₱ 80.00 , ₱ 25.00 , ₱ 100.00 ,, ₱ 20.00 ,20%,,,,,,,,,,,
01/16/2026,034,PH-P20260116-0025,T.E OPTOELECTRONICS,OFFICE SUPPLY,STICKY NOTES,2, ₱ 20.00 , ₱ 40.00 , ₱ 106.00 , ₱ 212.00 ,, ₱ 172.00 ,81%,,,,,,,,,,,
01/16/2026,034,PH-P20260116-0025,T.E OPTOELECTRONICS,OFFICE SUPPLY,SCISSORS,2, ₱ 26.00 , ₱ 52.00 , ₱ 32.50 , ₱ 65.00 ,, ₱ 13.00 ,20%,,,,,,,,,,,
01/16/2026,034,PH-P20260116-0025,T.E OPTOELECTRONICS,OFFICE SUPPLY,VINYL COATED CLIPS,3, ₱ 10.00 , ₱ 30.00 , ₱ 12.50 , ₱ 37.50 ,, ₱ 7.50 ,20%,,,,,,,,,,,
01/16/2026,034,PH-P20260116-0025,T.E OPTOELECTRONICS,OFFICE SUPPLY,BINDER CLIP LARGE,1, ₱ 55.00 , ₱ 55.00 , ₱ 68.75 , ₱ 68.75 ,, ₱ 13.75 ,20%,,,,,,,,,,,
01/16/2026,034,PH-P20260116-0025,T.E OPTOELECTRONICS,OFFICE SUPPLY,BINDER CLIP MEDIUM,1, ₱ 22.00 , ₱ 22.00 , ₱ 27.50 , ₱ 27.50 ,, ₱ 5.50 ,20%,,,,,,,,,,,
01/16/2026,034,PH-P20260116-0025,T.E OPTOELECTRONICS,OFFICE SUPPLY,BINDER CLIP SMALL,1, ₱ 16.00 , ₱ 16.00 , ₱ 20.00 , ₱ 20.00 ,, ₱ 4.00 ,20%,,,,,,,,,,,
01/16/2026,034,PH-P20260116-0025,T.E OPTOELECTRONICS,OFFICE SUPPLY,TAPE DISPENSER,1, ₱ 77.00 , ₱ 77.00 , ₱ 96.25 , ₱ 96.25 ,, ₱ 19.25 ,20%,,,,,,,,,,,
01/16/2026,034,PH-P20260116-0025,T.E OPTOELECTRONICS,OFFICE SUPPLY,L-TYPE A4 SIZE,1, ₱ 48.00 , ₱ 48.00 , ₱ 60.00 , ₱ 60.00 ,, ₱ 12.00 ,20%,,,,,,,,,,,
01/16/2026,034,PH-P20260116-0025,T.E OPTOELECTRONICS,OFFICE SUPPLY,EPSON INK 003 BLACK,2, ₱ 295.00 , ₱ 590.00 , ₱ 360.00 , ₱ 720.00 ,, ₱ 130.00 ,18%,,,,,,,,,,,
01/16/2026,034,PH-P20260116-0025,T.E OPTOELECTRONICS,OFFICE SUPPLY,EPSON INK 003 MAGENTA,2, ₱ 305.00 , ₱ 610.00 , ₱ 360.00 , ₱ 720.00 ,, ₱ 110.00 ,15%,,,,,,,,,,,
01/16/2026,034,PH-P20260116-0025,T.E OPTOELECTRONICS,OFFICE SUPPLY,EPSON INK 003 YELLOW,1, ₱ 305.00 , ₱ 305.00 , ₱ 360.00 , ₱ 360.00 ,, ₱ 55.00 ,15%,,,,,,,,,,,
01/16/2026,034,PH-P20260116-0025,T.E OPTOELECTRONICS,OFFICE SUPPLY,EPSON INK 003 CYAN,2, ₱ 305.00 , ₱ 610.00 , ₱ 360.00 , ₱ 720.00 ,, ₱ 110.00 ,15%,,,,,,,,,,,
01/16/2026,034,PH-P20260116-0025,T.E OPTOELECTRONICS,OFFICE SUPPLY,SCISSORS BLACK,1, ₱ 26.00 , ₱ 26.00 , ₱ 32.50 , ₱ 32.50 ,, ₱ 6.50 ,20%,,,,,,,,,,,
01/16/2026,034,PH-P20260116-0025,T.E OPTOELECTRONICS,OFFICE SUPPLY,FILE ORGANIZER BOX,1, ₱ 200.00 , ₱ 200.00 , ₱ 250.00 , ₱ 250.00 ,, ₱ 50.00 ,20%,,,,,,,,,,,
01/16/2026,034,PH-P20260116-0025,T.E OPTOELECTRONICS,OFFICE SUPPLY,BALLPEN MATRIX BLACK,15, ₱ 4.20 , ₱ 63.00 , ₱ 5.25 , ₱ 78.75 ,, ₱ 15.75 ,20%,,,,,,,,,,,
01/16/2026,034,PH-P20260116-0025,T.E OPTOELECTRONICS,OFFICE SUPPLY,SCISSOR BLACK,2, ₱ 26.00 , ₱ 52.00 , ₱ 32.50 , ₱ 65.00 ,, ₱ 13.00 ,20%,,,,,,,,,,,
01/16/2026,034,PH-P20260116-0025,T.E OPTOELECTRONICS,OFFICE SUPPLY,TAPE DISPENSER,2, ₱ 77.00 , ₱ 154.00 , ₱ 96.25 , ₱ 192.50 ,, ₱ 38.50 ,20%,,,,,,,,,,,
,,,,,,,,,,," ₱ 5,853.25 ",,,,,,,,,,,,,
01/16/2026,035,PH-P2026115-0023,T.E OPTOELECTRONICS,CONSUMABLES,STRETCHFILM 20 500MM X 300MM,50, ₱ 180.00 ," ₱ 9,000.00 ", ₱ 265.00 ," ₱ 13,250.00 ",," ₱ 4,250.00 ",32%,,,,,,,,,,,
01/16/2026,035,PH-P2026115-0023,T.E OPTOELECTRONICS,CONSUMABLES,STRETCHFILM 20 500MM X 300MM,50, ₱ 180.00 ," ₱ 9,000.00 ", ₱ 265.00 ," ₱ 13,250.00 ",," ₱ 4,250.00 ",32%,,,,,,,,,,,
,,,,,,,,,,," ₱ 26,500.00 ",,,,,,,,,,,,,
01/17/2026,036,,SORGEN BUILDERS,MATERIALS,DEFORMED BAR - 12MM,84, ₱ 190.00 ," ₱ 15,960.00 ", ₱ 266.00 ," ₱ 22,344.00 ",," ₱ 6,384.00 ",29%,,,,,,,,,,,
01/17/2026,036,,SORGEN BUILDERS,MATERIALS,PLYWOOD ORDINARY SINGLE PHASE 1/4,14, ₱ 310.00 ," ₱ 4,340.00 ", ₱ 434.00 ," ₱ 6,076.00 ",," ₱ 1,736.00 ",29%,,,,,,,,,,,
01/17/2026,036,,SORGEN BUILDERS,MATERIALS,G.I WIRE #16,1, ₱ 100.00 , ₱ 100.00 , ₱ 112.00 , ₱ 112.00 ,, ₱ 12.00 ,11%,,,,,,,,,,,
01/17/2026,036,,SORGEN BUILDERS,MATERIALS,WELDING ROD,2, ₱ 250.00 , ₱ 500.00 , ₱ 350.00 , ₱ 700.00 ,, ₱ 200.00 ,29%,,,,,,,,,,,
01/17/2026,036,,SORGEN BUILDERS,MATERIALS,CUT OF WHEEL,1, ₱ 350.00 , ₱ 350.00 , ₱ 476.00 , ₱ 476.00 ,, ₱ 126.00 ,26%,,,,,,,,,,,
01/17/2026,036,,SORGEN BUILDERS,MATERIALS,"PVC PIPE ORANGE - 4""",1, ₱ 720.00 , ₱ 720.00 ," ₱ 1,008.00 "," ₱ 1,008.00 ",, ₱ 288.00 ,29%,,,,,,,,,,,
,,,,,,,,,,," ₱ 30,716.00 ",,,,,,,,,,,,,
01/19/2026,037,ADMNPO-2026-001-045,COVAC,OFFICE SUPPLY,CLUB CARBON PAPER (LONG),1, ₱ 520.00 , ₱ 520.00 , ₱ 793.80 , ₱ 793.80 ,, ₱ 273.80 ,34%,,,,,,,,,,,
01/19/2026,037,ADMNPO-2026-001-045,COVAC,OFFICE SUPPLY,COATED CLIPS NO. 33,1, ₱ 8.00 , ₱ 8.00 , ₱ 12.15 , ₱ 12.15 ,, ₱ 4.15 ,34%,,,,,,,,,,,
01/19/2026,037,ADMNPO-2026-001-045,COVAC,OFFICE SUPPLY,STAPLE WIRE NO. 35 TIGER,2, ₱ 22.00 , ₱ 44.00 , ₱ 32.40 , ₱ 64.80 ,, ₱ 20.80 ,32%,,,,,,,,,,,
01/19/2026,037,ADMNPO-2026-001-045,COVAC,OFFICE SUPPLY,PILOT BROAD MARKER,1, ₱ 30.00 , ₱ 30.00 , ₱ 40.00 , ₱ 40.00 ,, ₱ 10.00 ,25%,,,,,,,,,,,
01/19/2026,037,ADMNPO-2026-001-045,COVAC,OFFICE SUPPLY,STAMP PAD INK (RED),1, ₱ 17.00 , ₱ 17.00 , ₱ 22.95 , ₱ 22.95 ,, ₱ 5.95 ,26%,,,,,,,,,,,
,,,,,,,,,,, ₱ 933.70 ,,,,,,,,,,,,,
01/19/2026,038,ADMNPO-2026-001-047,COVAC,OFFICE SUPPLY,SCOTCH TAPE 1,1, ₱ 15.00 , ₱ 15.00 , ₱ 20.25 , ₱ 20.25 ,, ₱ 5.25 ,26%,,,,,,,,,,,
01/19/2026,038,ADMNPO-2026-001-047,COVAC,OFFICE SUPPLY,STAMP PAD INK (BLUE),1, ₱ 17.00 , ₱ 17.00 , ₱ 22.95 , ₱ 22.95 ,, ₱ 5.95 ,26%,,,,,,,,,,,
01/19/2026,038,ADMNPO-2026-001-047,COVAC,OFFICE SUPPLY,PUNCHER BIG 2 HOLE,1, ₱ 229.50 , ₱ 229.50 , ₱ 378.00 , ₱ 378.00 ,, ₱ 148.50 ,39%,,,,,,,,,,,
,,,,,,,,,,, ₱ 421.20 ,,,,,,,,,,,,,
01/19/2026,039,ADMNPO-2026-001-048,COVAC,OFFICE SUPPLY,A4 BOND PAPER HARDCOPY,5, ₱ 154.00 , ₱ 770.00 , ₱ 205.00 ," ₱ 1,025.00 ",, ₱ 255.00 ,25%,,,,,,,,,,,
,,,,,,,,,,," ₱ 1,025.00 ",,,,,,,,,,,,,
01/19/2026,040,ADMNPO-2026-001-048,COVAC,OFFICE SUPPLY,A4 BOND PAPER HARDCOPY,5, ₱ 154.00 , ₱ 770.00 , ₱ 205.00 ," ₱ 1,025.00 ",, ₱ 255.00 ,25%,,,,,,,,,,,
01/19/2026,040,ADMNPO-2026-001-048,COVAC,OFFICE SUPPLY,SHORT BROWN ENVELOPE,10, ₱ 1.30 , ₱ 13.00 , ₱ 2.57 , ₱ 25.70 ,, ₱ 12.70 ,49%,,,,,,,,,,,
01/19/2026,040,ADMNPO-2026-001-048,COVAC,OFFICE SUPPLY,COATED CLIPS NO. 33,2, ₱ 8.00 , ₱ 16.00 , ₱ 12.15 , ₱ 24.30 ,, ₱ 8.30 ,34%,,,,,,,,,,,
01/19/2026,040,ADMNPO-2026-001-048,COVAC,OFFICE SUPPLY,STAPLE WIRE NO. 35 TIGER,2, ₱ 22.00 , ₱ 44.00 , ₱ 32.40 , ₱ 64.80 ,, ₱ 20.80 ,32%,,,,,,,,,,,
01/19/2026,040,ADMNPO-2026-001-048,COVAC,OFFICE SUPPLY,WHITEBOARD MARKER (BLACK),3, ₱ 20.00 , ₱ 60.00 , ₱ 28.35 , ₱ 85.05 ,, ₱ 25.05 ,29%,,,,,,,,,,,
01/19/2026,040,ADMNPO-2026-001-048,COVAC,OFFICE SUPPLY,SCOTCH TAPE 1,5, ₱ 15.00 , ₱ 75.00 , ₱ 20.25 , ₱ 101.25 ,, ₱ 26.25 ,26%,,,,,,,,,,,
,,,,,,,,,,," ₱ 1,326.10 ",,,,,,,,,,,,,
01/20/2026,041,2026-00027,ASTI,PPE,SPRINTER SHOES SIZE 37,2, ₱ 220.00 , ₱ 440.00 , ₱ 281.00 , ₱ 562.00 ,, ₱ 122.00 ,22%,,,,,,,,,,,
01/20/2026,041,2026-00027,ASTI,PPE,SPRINTER SHOES SIZE 38,2, ₱ 220.00 , ₱ 440.00 , ₱ 281.00 , ₱ 562.00 ,, ₱ 122.00 ,22%,,,,,,,,,,,
01/20/2026,041,2026-00027,ASTI,PPE,SPRINTER SHOES SIZE 39,2, ₱ 220.00 , ₱ 440.00 , ₱ 281.00 , ₱ 562.00 ,, ₱ 122.00 ,22%,,,,,,,,,,,
01/20/2026,041,2026-00027,ASTI,PPE,SPRINTER SHOES SIZE 40,2, ₱ 220.00 , ₱ 440.00 , ₱ 281.00 , ₱ 562.00 ,, ₱ 122.00 ,22%,,,,,,,,,,,
01/20/2026,041,2026-00027,ASTI,PPE,SPRINTER SHOES SIZE 41,2, ₱ 220.00 , ₱ 440.00 , ₱ 281.00 , ₱ 562.00 ,, ₱ 122.00 ,22%,,,,,,,,,,,
,,,,,,,,,,," ₱ 2,810.00 ",,,,,,,,,,,,,
01/20/2026,042,2026-00026,ASTI,CLEANING MATERIALS,VUNGUARD (1 LITER),4, ₱ 90.00 , ₱ 360.00 , ₱ 150.00 , ₱ 600.00 ,, ₱ 240.00 ,40%,,,,,,,,,,,
01/20/2026,042,2026-00026,ASTI,CLEANING MATERIALS,SAFEWELL 70%,3, ₱ 220.00 , ₱ 660.00 , ₱ 247.00 , ₱ 741.00 ,, ₱ 81.00 ,11%,,,,,,,,,,,
01/20/2026,042,2026-00026,ASTI,CLEANING MATERIALS,JOY DISHWASHING LIQUID KALAMANSI 475ML,3, ₱ 109.00 , ₱ 327.00 , ₱ 161.25 , ₱ 483.75 ,, ₱ 156.75 ,32%,,,,,,,WRAP & CARRY,TANAUAN,137-827-797-00000,1555346,
01/20/2026,042,2026-00026,ASTI,CLEANING MATERIALS,ZONROX BLEACH COLORSAFE BLOSSOM FRESH 1000ml,4, ₱ 275.00 ," ₱ 1,100.00 ", ₱ 321.25 ," ₱ 1,285.00 ",, ₱ 185.00 ,14%,,,,,,,WRAP & CARRY,TANAUAN,137-827-797-00001,1555451,
01/20/2026,042,2026-00026,ASTI,CLEANING MATERIALS,ZONROX BLEACH ORIGINAL 1000ml,3, ₱ 253.00 , ₱ 759.00 , ₱ 321.25 , ₱ 963.75 ,, ₱ 204.75 ,21%,,,,,,,WRAP & CARRY,TANAUAN,137-827-797-00002,1555451,
01/20/2026,042,2026-00026,ASTI,CLEANING MATERIALS,MOP WITH HANDLE,4, ₱ 107.00 , ₱ 428.00 , ₱ 125.00 , ₱ 500.00 ,, ₱ 72.00 ,14%,,,,,,,LAM GENERAL MERCH. INC,TANAUAN,776-131-264-00003,9702/0168125,
01/20/2026,042,2026-00026,ASTI,CLEANING MATERIALS,SOFT BROOM BAGUIO,4, ₱ 180.00 , ₱ 720.00 , ₱ 287.50 ," ₱ 1,150.00 ",, ₱ 430.00 ,37%,,,,,,,LAM GENERAL MERCH. INC,TANAUAN,776-131-264-00003,9704/0224730,
01/20/2026,042,2026-00026,ASTI,CLEANING MATERIALS,TOILET BRUSH,2, ₱ 75.00 , ₱ 150.00 , ₱ 125.00 , ₱ 250.00 ,, ₱ 100.00 ,40%,,,,,,,LAM GENERAL MERCH. INC,TANAUAN,776-131-264-00003,9704/0224730,
01/20/2026,042,2026-00026,ASTI,CLEANING MATERIALS,GLADE AIR FRESHENER SCENTED GEL  180G,3, ₱ 108.95 , ₱ 326.85 , ₱ 215.50 , ₱ 646.50 ,, ₱ 319.65 ,49%,,,,,,,,,,,
01/20/2026,042,2026-00026,ASTI,CLEANING MATERIALS,PRIDE DETERGENT POWDER POWER WASH 1KG,3, ₱ 98.50 , ₱ 295.50 , ₱ 122.50 , ₱ 367.50 ,, ₱ 72.00 ,20%,,,,,,,C.S VISPO,TANAUAN,180-239-753-00001,8444,
01/20/2026,042,2026-00026,ASTI,CLEANING MATERIALS,ALBATROSS SINGL LEMON BATHROOM DEODORIZER 475ML,30, ₱ 37.50 ," ₱ 1,125.00 ", ₱ 41.88 ," ₱ 1,256.40 ",, ₱ 131.40 ,10%,,,,,,,WRAP & CARRY,TANAUAN,137-827-797-00000,1555451,
01/20/2026,042,2026-00026,ASTI,CLEANING MATERIALS,DOWNY SUNRISE600ML,4, ₱ 158.75 , ₱ 635.00 , ₱ 196.25 , ₱ 785.00 ,, ₱ 150.00 ,19%,,,,,,,,,,,
01/20/2026,042,2026-00026,ASTI,CLEANING MATERIALS,RUBBER GLOVES,4, ₱ 32.00 , ₱ 128.00 , ₱ 59.85 , ₱ 239.40 ,, ₱ 111.40 ,47%,,,,,,,LAM GENERAL MERCH. INC,TANAUAN,776-131-264-00003,9704/0224730,
,,,,,,,,,,," ₱ 9,268.30 ",,,,,,,,,,,,,
01/20/2026,043,OPEN PO ,ITC,CONSUMABLES,STRETCHFILM 3''CORE 20MICRONSX1.8KGSX500MM,11, ₱ 169.00 ," ₱ 1,859.00 ", ₱ 253.50 ," ₱ 2,788.50 ",, ₱ 929.50 ,33%,,1/20/2026,,,,,SYNERGY,,,,
,,,,,,,,,,," ₱ 2,788.50 ",,,,,,,,,,,,,
01/21/2026,044,OPEN PO,SUMOPAK,OFFICE TOOLS AND EQUIPMENT,WELDING ROD 6011 3.2,30, ₱ 230.00 ," ₱ 6,900.00 ", ₱ 270.00 ," ₱ 8,100.00 ",," ₱ 1,200.00 ",15%,,1/21/2026,,,,,GAVINO,,,,
,,,,,,,,,,," ₱ 8,100.00 ",,,,,,,,,,,,,
01/21/2026,045,,UNIPRESIDENT,COMPANY UNIFORM,LABORATORY GOWN WITH EMBROIDERED COMPANY LOGO,6, ₱ 451.00 ," ₱ 2,706.00 ", ₱ 700.00 ," ₱ 4,200.00 ",," ₱ 1,494.00 ",36%,,,,,,,,,,,
,,,,,,,,,,," ₱ 4,200.00 ",,,,,,,,,,,,,
01/21/2026,046,,UNIPRESIDENT,COMPANY UNIFORM,APRON WITH EMBROIDERED COMPANY LOGO,230, ₱ 128.00 ," ₱ 29,440.00 ", ₱ 190.00 ," ₱ 43,700.00 ",," ₱ 14,260.00 ",33%,,,,,,,,,,,
,,,,,,,,,,," ₱ 43,700.00 ",,,,,,,,,,,,,
01/21/2026,047,ADMNPO-2026-001-050,COVAC,OFFICE SUPPLY,COATED CLIPS NO. 33,2, ₱ 8.00 , ₱ 16.00 , ₱ 12.15 , ₱ 24.30 ,, ₱ 8.30 ,34%,,,,,,,,,,,
01/21/2026,047,ADMNPO-2026-001-050,COVAC,OFFICE SUPPLY,VECO VELLUM BOARD A4,2, ₱ 39.00 , ₱ 78.00 , ₱ 47.00 , ₱ 94.00 ,, ₱ 16.00 ,17%,,,,,,,,,,,
,,,,,,,,,,, ₱ 118.30 ,,,,,,,,,,,,,
01/21/2026,048,ADMNPO-2026-001-051,COVAC,OFFICE SUPPLY,LARGE DRAWING TUBE / BLUEPRINT CASE,10, ₱ 236.25 ," ₱ 2,362.50 ", ₱ 318.94 ," ₱ 3,189.40 ",, ₱ 826.90 ,26%,,,,,,,,,,,
01/21/2026,048,ADMNPO-2026-001-051,COVAC,OFFICE SUPPLY,VECO VELLUM BOARD A4,10, ₱ 39.00 , ₱ 390.00 , ₱ 47.00 , ₱ 470.00 ,, ₱ 80.00 ,17%,,,,,,,,,,,
01/21/2026,048,ADMNPO-2026-001-051,COVAC,OFFICE SUPPLY,WHITEBOARD MARKER (BLACK),2, ₱ 20.00 , ₱ 40.00 , ₱ 28.35 , ₱ 56.70 ,, ₱ 16.70 ,29%,,,,,,,,,,,
01/21/2026,048,ADMNPO-2026-001-051,COVAC,OFFICE SUPPLY,LONG CLIPBOARD HARD PLASTIC,2, ₱ 41.00 , ₱ 82.00 , ₱ 58.05 , ₱ 116.10 ,, ₱ 34.10 ,29%,,,,,,,,,,,
01/21/2026,048,ADMNPO-2026-001-051,COVAC,OFFICE SUPPLY,COATED CLIPS NO. 33,3, ₱ 8.00 , ₱ 24.00 , ₱ 12.15 , ₱ 36.45 ,, ₱ 12.45 ,34%,,,,,,,,,,,
,,,,,,,,,,," ₱ 3,868.65 ",,,,,,,,,,,,,
1/23/2026,049,PRCO-2025-042,ASTI,OFFICE SUPPLY,PANASONIC BATTERY AAA,4, ₱ 26.00 , ₱ 104.00 , ₱ 33.88 , ₱ 135.52 ,, ₱ 31.52 ,23%,,,,,,,,,,,
1/23/2026,049,PRCO-2025-042,ASTI,OFFICE SUPPLY,WHITEBOARD MARKER BLUE,2, ₱ 20.00 , ₱ 40.00 , ₱ 25.20 , ₱ 50.40 ,, ₱ 10.40 ,21%,,,,,,,,,,,
1/23/2026,049,PRCO-2025-042,ASTI,OFFICE SUPPLY,DOUBLE SIDED TAPE,10, ₱ 20.00 , ₱ 200.00 , ₱ 23.00 , ₱ 230.00 ,, ₱ 30.00 ,13%,,,,,,,,,,,
1/23/2026,049,PRCO-2025-042,ASTI,OFFICE SUPPLY,BALLPEN BLACK HBW MATRIX,10, ₱ 4.20 , ₱ 42.00 , ₱ 5.04 , ₱ 50.40 ,, ₱ 8.40 ,17%,,,,,,,,,,,
1/23/2026,049,PRCO-2025-042,ASTI,OFFICE SUPPLY,"PACKAGING TAPE 2"" THICK",10, ₱ 40.00 , ₱ 400.00 , ₱ 48.00 , ₱ 480.00 ,, ₱ 80.00 ,17%,,,,,,,,,,,
1/23/2026,049,PRCO-2025-042,ASTI,OFFICE SUPPLY,"PAPER TAPE 1""",10, ₱ 32.00 , ₱ 320.00 , ₱ 48.00 , ₱ 480.00 ,, ₱ 160.00 ,33%,,,,,,,,,,,
1/23/2026,049,PRCO-2025-042,ASTI,OFFICE SUPPLY,PERMANENT MARKER BLACK,2, ₱ 10.00 , ₱ 20.00 , ₱ 12.00 , ₱ 24.00 ,, ₱ 4.00 ,17%,,,,,,,,,,,
1/23/2026,049,PRCO-2025-042,ASTI,OFFICE SUPPLY,BATTREY AA (4PCS) EVEREADY,1, ₱ 86.50 , ₱ 86.50 , ₱ 141.00 , ₱ 141.00 ,, ₱ 54.50 ,39%,,,,,,,,,,,
1/23/2026,049,PRCO-2025-042,ASTI,OFFICE SUPPLY,LAMINATING FILM A4 SIZE 125MIC,1, ₱ 490.00 , ₱ 490.00 , ₱ 588.00 , ₱ 588.00 ,, ₱ 98.00 ,17%,,,,,,,,,,,
1/23/2026,049,PRCO-2025-042,ASTI,OFFICE SUPPLY,RAGS ASSORTED,2, ₱ 60.00 , ₱ 120.00 , ₱ 75.00 , ₱ 150.00 ,, ₱ 30.00 ,20%,,,,,,,,,,,
1/23/2026,049,PRCO-2025-042,ASTI,OFFICE SUPPLY,STICKER PAPER WHITE,30, ₱ 37.00 ," ₱ 1,110.00 ", ₱ 44.40 ," ₱ 1,332.00 ",, ₱ 222.00 ,17%,,,,,,,,,,,
1/23/2026,049,PRCO-2025-042,ASTI,OFFICE SUPPLY,TAPE DISPENSER BIG,1, ₱ 77.00 , ₱ 77.00 , ₱ 96.00 , ₱ 96.00 ,, ₱ 19.00 ,20%,,,,,,,,,,,
1/23/2026,049,PRCO-2025-042,ASTI,OFFICE SUPPLY,GARBAGE BAG L 100s,1, ₱ 220.00 , ₱ 220.00 , ₱ 264.00 , ₱ 264.00 ,, ₱ 44.00 ,17%,,,,,,,,,,,
1/23/2026,049,PRCO-2025-042,ASTI,OFFICE SUPPLY,EPSON INK 003 BLACK,5, ₱ 295.00 ," ₱ 1,475.00 ", ₱ 354.00 ," ₱ 1,770.00 ",, ₱ 295.00 ,17%,,,,,,,,,,,
1/23/2026,049,PRCO-2025-042,ASTI,OFFICE SUPPLY,STAPLE WIRE #35 TIGER,1, ₱ 27.00 , ₱ 27.00 , ₱ 28.80 , ₱ 28.80 ,, ₱ 1.80 ,6%,,,,,,,,,,,
,,,,,,,,,,," ₱ 5,820.12 ",,,,,,,,,,,,,
01/23/2026,050,QL-BROTHER INK,EZCONN,OFFICE SUPPLY,BROTHER DCP 2540DW INK CARTRIDGE,8," ₱ 1,300.00 "," ₱ 10,400.00 "," ₱ 1,755.00 "," ₱ 14,040.00 ",," ₱ 3,640.00 ",26%,,,,,,,,,,,
,,,,,,,,,,," ₱ 14,040.00 ",,,,,,,,,,,,,
01/24/2026,051,,SUMOPAK,MATERIALS,BATMASU-95 CDLC16/WSF14 MECHANICAL SHAFT SEALS 16MM,2," ₱ 3,175.00 "," ₱ 6,350.00 "," ₱ 4,450.00 "," ₱ 8,900.00 ",," ₱ 2,550.00 ",29%,,,,,,,,,,,
,,,,,,,,,,," ₱ 8,900.00 ",,,,,,,,,,,,,
01/24/2026,052,,SUMOPAK,OFFICE SUPPLY,BINDER CLIP SMALL,5, ₱ 16.00 , ₱ 80.00 , ₱ 20.32 , ₱ 101.60 ,, ₱ 21.60 ,21%,,,,,,,,,,,
01/24/2026,052,,SUMOPAK,OFFICE SUPPLY,BINDER CLIP MEDIUM,5, ₱ 22.00 , ₱ 110.00 , ₱ 27.94 , ₱ 139.70 ,, ₱ 29.70 ,2%,,,,,,,,,,,
01/24/2026,052,,SUMOPAK,OFFICE SUPPLY,BROWN ENVELOPE LONG,15, ₱ 2.30 , ₱ 34.50 , ₱ 2.50 , ₱ 37.50 ,, ₱ 3.00 ,8%,,,,,,,,,,,
01/24/2026,052,,SUMOPAK,OFFICE SUPPLY,BROWN ENVELOPE SHORT,15, ₱ 1.70 , ₱ 25.50 , ₱ 1.90 , ₱ 28.50 ,, ₱ 3.00 ,11%,,,,,,,,,,,
01/24/2026,052,,SUMOPAK,OFFICE SUPPLY,"DOUBLE SIDED TAPE 1""",5, ₱ 10.00 , ₱ 50.00 , ₱ 15.24 , ₱ 76.20 ,, ₱ 26.20 ,34%,,,,,,,,,,,
01/24/2026,052,,SUMOPAK,OFFICE SUPPLY,COLORED PAPER A4 PINK,2, ₱ 220.00 , ₱ 440.00 , ₱ 349.25 , ₱ 698.50 ,, ₱ 258.50 ,37%,,,,,,,,,,,
01/24/2026,052,,SUMOPAK,OFFICE SUPPLY,COLORED PAPER A4 YELLOW,2, ₱ 220.00 , ₱ 440.00 , ₱ 349.25 , ₱ 698.50 ,, ₱ 258.50 ,37%,,,,,,,,,,,
01/24/2026,052,,SUMOPAK,OFFICE SUPPLY,COLORED PAPER A4 GREEN,2, ₱ 220.00 , ₱ 440.00 , ₱ 349.25 , ₱ 698.50 ,, ₱ 258.50 ,37%,,,,,,,,,,,
01/24/2026,052,,SUMOPAK,OFFICE SUPPLY,COLORED PAPER A4 LIGHT BLUE,2, ₱ 220.00 , ₱ 440.00 , ₱ 349.25 , ₱ 698.50 ,, ₱ 258.50 ,37%,,,,,,,,,,,
01/24/2026,052,,SUMOPAK,OFFICE SUPPLY,COLORED PAPER A4 PEACH,8, ₱ 220.00 ," ₱ 1,760.00 ", ₱ 258.50 ," ₱ 2,068.00 ",, ₱ 308.00 ,15%,,,,,,,,,,,
01/24/2026,052,,SUMOPAK,OFFICE SUPPLY,COLORED PAPER A4 VIOLET,8, ₱ 220.00 ," ₱ 1,760.00 ", ₱ 349.25 ," ₱ 2,794.00 ",," ₱ 1,034.00 ",37%,,,,,,,,,,,
,,,,,,,,,,," ₱ 8,039.50 ",,,,,,,,,,,,,
01/24/2026,053,QL-BOLT AND NUT,SUMOPAK,MATERIALS,HEXAGONAL NUT M8 SS,150, ₱ 3.95 , ₱ 592.50 , ₱ 5.50 , ₱ 825.00 ,, ₱ 232.50 ,28%,,,,,,,,,,,
01/24/2026,053,QL-BOLT AND NUT,SUMOPAK,MATERIALS,HEXAGONAL NUT M8 SS,200, ₱ 3.95 , ₱ 790.00 , ₱ 5.00 ," ₱ 1,000.00 ",, ₱ 210.00 ,21%,,,,,,,,,,,
01/24/2026,053,QL-BOLT AND NUT,SUMOPAK,MATERIALS,HEXAGONAL NUT 1/4 SS,50, ₱ 3.50 , ₱ 175.00 , ₱ 4.50 , ₱ 225.00 ,, ₱ 50.00 ,22%,,,,,,,,,,,
,,,,,,,,,,," ₱ 2,050.00 ",,,,,,,,,,,,,
01/26/2026,054,QL-OS012626-01,ITC,OFFICE SUPPLY,CLIPBOARD LONG,16, ₱ 43.00 , ₱ 688.00 , ₱ 57.62 , ₱ 921.92 ,, ₱ 233.92 ,25%,,,,,,,,,,,
01/26/2026,054,QL-OS012626-01,ITC,OFFICE SUPPLY,STERLING SPIRAL NOTEBOOK,6, ₱ 99.00 , ₱ 594.00 , ₱ 108.00 , ₱ 648.00 ,, ₱ 54.00 ,8%,,,,,,,,,,,
01/26/2026,054,QL-OS012626-01,ITC,OFFICE SUPPLY,JOY 8M CORRECTION TAPE,3, ₱ 25.00 , ₱ 75.00 , ₱ 33.75 , ₱ 101.25 ,, ₱ 26.25 ,26%,,,,,,,,,,,
01/26/2026,054,QL-OS012626-01,ITC,OFFICE SUPPLY,HBW MATRIX OG-5 REGULAR BLACK BALLPEN,20, ₱ 7.00 , ₱ 140.00 , ₱ 9.45 , ₱ 189.00 ,, ₱ 49.00 ,26%,,,,,,,,,,,
01/26/2026,054,QL-OS012626-01,ITC,OFFICE SUPPLY,34X25MM (SMALL) SCOTCH TAPE,10, ₱ 12.59 , ₱ 125.93 , ₱ 17.00 , ₱ 170.00 ,, ₱ 44.07 ,26%,,,,,,,,,,,
01/26/2026,054,QL-OS012626-01,ITC,OFFICE SUPPLY,HBW BLACK WHITEBOARD MARKER,12, ₱ 20.00 , ₱ 240.00 , ₱ 27.00 , ₱ 324.00 ,, ₱ 84.00 ,26%,,,,,,,,,,,
01/26/2026,054,QL-OS012626-01,ITC,OFFICE SUPPLY,HARDCOPY A4,30, ₱ 154.00 ," ₱ 4,620.00 ", ₱ 207.90 ," ₱ 6,237.00 ",," ₱ 1,617.00 ",26%,,,,,,,,,,,
01/26/2026,054,QL-OS012626-01,ITC,OFFICE SUPPLY,SCISSORS,10, ₱ 40.00 , ₱ 400.00 , ₱ 54.00 , ₱ 540.00 ,, ₱ 140.00 ,26%,,,,,,,,,,,
01/26/2026,054,QL-OS012626-01,ITC,OFFICE SUPPLY,SAPLER NO. 10 JOY,5, ₱ 40.00 , ₱ 200.00 , ₱ 54.00 , ₱ 270.00 ,, ₱ 70.00 ,26%,,,,,,,,,,,
01/26/2026,054,QL-OS012626-01,ITC,OFFICE SUPPLY,A4 LAMINATING FILM,1, ₱ 500.00 , ₱ 500.00 , ₱ 675.00 , ₱ 675.00 ,, ₱ 175.00 ,26%,,,,,,,,,,,
01/26/2026,054,QL-OS012626-01,ITC,OFFICE SUPPLY,HARDCOPY LONG,20, ₱ 185.00 ," ₱ 3,700.00 ", ₱ 249.75 ," ₱ 4,995.00 ",," ₱ 1,295.00 ",26%,,,,,,,,,,,
01/26/2026,054,QL-OS012626-01,ITC,OFFICE SUPPLY,HBW BLACK PERMANENT MARKER,12, ₱ 10.00 , ₱ 120.00 , ₱ 13.50 , ₱ 162.00 ,, ₱ 42.00 ,26%,,,,,,,,,,,
01/26/2026,054,QL-OS012626-01,ITC,OFFICE SUPPLY,RECORD BOOK,5, ₱ 105.00 , ₱ 525.00 , ₱ 141.75 , ₱ 708.75 ,, ₱ 183.75 ,26%,,,,,,,,,,,
01/26/2026,054,QL-OS012626-01,ITC,OFFICE SUPPLY,1 INCH SCOTCH TAPE (KING TAPE),10, ₱ 14.00 , ₱ 140.00 , ₱ 18.90 , ₱ 189.00 ,, ₱ 49.00 ,26%,,,,,,,,,,,
01/26/2026,054,QL-OS012626-01,ITC,OFFICE SUPPLY,DOUBLE SIDED TAPE 3/4,5, ₱ 22.96 , ₱ 114.81 , ₱ 31.00 , ₱ 155.00 ,, ₱ 40.19 ,26%,,,,,,,,,,,
01/26/2026,054,QL-OS012626-01,ITC,OFFICE SUPPLY,A4 TRANSPARENT L-FOLDER,10, ₱ 48.00 , ₱ 480.00 , ₱ 64.80 , ₱ 648.00 ,, ₱ 168.00 ,26%,,,,,,,,,,,
01/26/2026,054,QL-OS012626-01,ITC,OFFICE SUPPLY,ELMER'S GLUE ALL MULTIPURPOSE (40G),3, ₱ 37.04 , ₱ 111.11 , ₱ 50.00 , ₱ 150.00 ,, ₱ 38.89 ,26%,,,,,,,,,,,
01/26/2026,054,QL-OS012626-01,ITC,OFFICE SUPPLY,PILOT BLUE WHITEBOARD MARKER,12, ₱ 50.00 , ₱ 600.00 , ₱ 67.50 , ₱ 810.00 ,, ₱ 210.00 ,26%,,,,,,,,,,,
01/26/2026,054,QL-OS012626-01,ITC,OFFICE SUPPLY,LONG CLEARBOOK,1, ₱ 45.00 , ₱ 45.00 , ₱ 60.75 , ₱ 60.75 ,, ₱ 15.75 ,26%,,,,,,,,,,,
01/26/2026,054,QL-OS012626-01,ITC,OFFICE SUPPLY,A4 CLEARBOOK,4, ₱ 40.00 , ₱ 160.00 , ₱ 54.00 , ₱ 216.00 ,, ₱ 56.00 ,26%,,,,,,,,,,,
01/26/2026,054,QL-OS012626-01,ITC,OFFICE SUPPLY,LONG CLEARSHEET,1, ₱ 210.00 , ₱ 210.00 , ₱ 283.50 , ₱ 283.50 ,, ₱ 73.50 ,26%,,,,,,,,,,,
01/26/2026,054,QL-OS012626-01,ITC,OFFICE SUPPLY,A4 CLEARSHEET,4, ₱ 140.00 , ₱ 560.00 , ₱ 189.00 , ₱ 756.00 ,, ₱ 196.00 ,26%,,,,,,,,,,,
01/26/2026,054,QL-OS012626-01,ITC,OFFICE SUPPLY,A4 ARCH FILE (BLUE),10, ₱ 95.00 , ₱ 950.00 , ₱ 128.25 ," ₱ 1,282.50 ",, ₱ 332.50 ,26%,,,,,,,,,,,
01/26/2026,054,QL-OS012626-01,ITC,OFFICE SUPPLY,ZEBRA PERMANENT MARKER (BLACK),20, ₱ 89.00 ," ₱ 1,780.00 ", ₱ 120.15 ," ₱ 2,403.00 ",, ₱ 623.00 ,26%,,,,,,,,,,,
01/26/2026,054,QL-OS012626-01,ITC,OFFICE SUPPLY,A3 LAMINATING FILM 10 SHEET,2, ₱ 880.00 ," ₱ 1,760.00 "," ₱ 1,188.00 "," ₱ 2,376.00 ",, ₱ 616.00 ,26%,,,,,,,,,,,
01/26/2026,054,QL-OS012626-01,ITC,OFFICE SUPPLY,A3 COPY PAPER,2, ₱ 320.00 , ₱ 640.00 , ₱ 432.00 , ₱ 864.00 ,, ₱ 224.00 ,26%,,,,,,,,,,,
01/26/2026,054,QL-OS012626-01,ITC,OFFICE SUPPLY,LIGHT GREEN LONG EXPANDED FOLDER,50, ₱ 23.00 ," ₱ 1,150.00 ", ₱ 31.05 ," ₱ 1,552.50 ",, ₱ 402.50 ,26%,,,,,,,,,,,
01/26/2026,054,QL-OS012626-01,ITC,OFFICE SUPPLY,STAPLE NO. 10,10, ₱ 20.00 , ₱ 200.00 , ₱ 27.00 , ₱ 270.00 ,, ₱ 70.00 ,26%,,,,,,,,,,,
01/26/2026,054,QL-OS012626-01,ITC,OFFICE SUPPLY,DELI DOUBLE HEAD MARKER,4, ₱ 37.78 , ₱ 151.11 , ₱ 51.00 , ₱ 204.00 ,, ₱ 52.89 ,26%,,,,,,,,,,,
01/26/2026,054,QL-OS012626-01,ITC,OFFICE SUPPLY,LONG WHITE FOLDER,10, ₱ 6.00 , ₱ 60.00 , ₱ 8.10 , ₱ 81.00 ,, ₱ 21.00 ,26%,,,,,,,,,,,
01/26/2026,054,QL-OS012626-01,ITC,OFFICE SUPPLY,DARK GREEN LONG EXPANDED FOLDER,10, ₱ 23.00 , ₱ 230.00 , ₱ 31.05 , ₱ 310.50 ,, ₱ 80.50 ,26%,,,,,,,,,,,
01/26/2026,054,QL-OS012626-01,ITC,OFFICE SUPPLY,1 INCH MASKING TAPE,10, ₱ 35.00 , ₱ 350.00 , ₱ 47.25 , ₱ 472.50 ,, ₱ 122.50 ,26%,,,,,,,,,,,
01/26/2026,054,QL-OS012626-01,ITC,OFFICE SUPPLY,WHITEBOARD MARKER,12, ₱ 50.00 , ₱ 600.00 , ₱ 67.50 , ₱ 810.00 ,, ₱ 210.00 ,26%,,,,,,,,,,,
01/26/2026,054,QL-OS012626-01,ITC,OFFICE SUPPLY,CUTTER,8, ₱ 24.00 , ₱ 192.00 , ₱ 32.40 , ₱ 259.20 ,, ₱ 67.20 ,26%,,,,,,,,,,,
01/26/2026,054,QL-OS012626-01,ITC,OFFICE SUPPLY,M&G 0..5 BLACK BALLPEN 50S,1, ₱ 622.22 , ₱ 622.22 , ₱ 840.00 , ₱ 840.00 ,, ₱ 217.78 ,26%,,,,,,,,,,,
01/26/2026,054,QL-OS012626-01,ITC,OFFICE SUPPLY,A4 ARCH FILE (BLACK),15, ₱ 95.00 ," ₱ 1,425.00 ", ₱ 128.25 ," ₱ 1,923.75 ",, ₱ 498.75 ,26%,,,,,,,,,,,
01/26/2026,054,QL-OS012626-01,ITC,OFFICE SUPPLY,JOY MATTE STICKER PAPER,5, ₱ 331.11 ," ₱ 1,655.56 ", ₱ 447.00 ," ₱ 2,235.00 ",, ₱ 579.44 ,26%,,,,,,,,,,,
01/26/2026,054,QL-OS012626-01,ITC,OFFICE SUPPLY,CALCULATOR,8, ₱ 350.00 ," ₱ 2,800.00 ", ₱ 472.50 ," ₱ 3,780.00 ",, ₱ 980.00 ,26%,,,,,,,,,,,
01/26/2026,054,QL-OS012626-01,ITC,OFFICE SUPPLY,STAPLER WITH BUILT IN STAPLE REMOVER,3, ₱ 80.00 , ₱ 240.00 , ₱ 108.00 , ₱ 324.00 ,, ₱ 84.00 ,26%,,,,,,,,,,,
01/26/2026,054,QL-OS012626-01,ITC,OFFICE SUPPLY,STAPLE NO. 35 ,10, ₱ 25.00 , ₱ 250.00 , ₱ 33.75 , ₱ 337.50 ,, ₱ 87.50 ,26%,,,,,,,,,,,
01/26/2026,054,QL-OS012626-01,ITC,OFFICE SUPPLY,PUNCHER 2 BIG HOLE,3, ₱ 170.00 , ₱ 510.00 , ₱ 229.50 , ₱ 688.50 ,, ₱ 178.50 ,26%,,,,,,,,,,,
01/26/2026,054,QL-OS012626-01,ITC,OFFICE SUPPLY,LAMINATING FILM ID,1, ₱ 130.00 , ₱ 130.00 , ₱ 175.50 , ₱ 175.50 ,, ₱ 45.50 ,26%,,,,,,,,,,,
01/26/2026,054,QL-OS012626-01,ITC,OFFICE SUPPLY,FILLING TRAY PLASTIC DOUBLE,3, ₱ 280.00 , ₱ 840.00 , ₱ 378.00 ," ₱ 1,134.00 ",, ₱ 294.00 ,26%,,,,,,,,,,,
01/26/2026,054,QL-OS012626-01,ITC,OFFICE SUPPLY,DOUBLE SIDED TAPE INDOOR MOUNTING TAPE,2, ₱ 194.07 , ₱ 388.15 , ₱ 262.00 , ₱ 524.00 ,, ₱ 135.85 ,26%,,,,,,,,,,,
01/26/2026,054,QL-OS012626-01,ITC,OFFICE SUPPLY,GARBAGE BAG SMALL,2, ₱ 80.00 , ₱ 160.00 , ₱ 108.00 , ₱ 216.00 ,, ₱ 56.00 ,26%,,,,,,,,,,,
01/26/2026,054,QL-OS012626-01,ITC,CLEANING MATERIALS,GARBAGE BAG LARGE,2, ₱ 235.00 , ₱ 470.00 , ₱ 317.25 , ₱ 634.50 ,, ₱ 164.50 ,26%,,,,,,,,,,,
01/26/2026,054,QL-OS012626-01,ITC,CLEANING MATERIALS,GARBAGE BAG XXL,2, ₱ 460.00 , ₱ 920.00 , ₱ 621.00 ," ₱ 1,242.00 ",, ₱ 322.00 ,26%,,,,,,,,,,,
01/26/2026,054,QL-OS012626-01,ITC,CLEANING MATERIALS,TISSUE ROLL JUMBO,60, ₱ 154.07 ," ₱ 9,244.44 ", ₱ 208.00 ," ₱ 12,480.00 ",," ₱ 3,235.56 ",26%,,,,,,,,,,,
01/26/2026,054,QL-OS012626-01,ITC,CLEANING MATERIALS,KAMI BATHROOM TISSUE 11+1 PER 12X12,10, ₱ 105.00 ," ₱ 1,050.00 ", ₱ 141.75 ," ₱ 1,417.50 ",, ₱ 367.50 ,26%,,,,,,,,,,,
01/26/2026,054,QL-OS012626-01,ITC,CLEANING MATERIALS,SCOTCH BRITE WITH FOAM,100, ₱ 60.00 ," ₱ 6,000.00 ", ₱ 81.00 ," ₱ 8,100.00 ",," ₱ 2,100.00 ",26%,,,,,,,,,,,
01/26/2026,054,QL-OS012626-01,ITC,CLEANING MATERIALS,HAND SOAP,2, ₱ 81.48 , ₱ 162.96 , ₱ 110.00 , ₱ 220.00 ,, ₱ 57.04 ,26%,,,,,,,,,,,
01/26/2026,054,QL-OS012626-01,ITC,CLEANING MATERIALS,SCOTCH BRITE,15, ₱ 44.44 , ₱ 666.60 , ₱ 60.00 , ₱ 900.00 ,, ₱ 233.40 ,26%,,,,,,,,,,,
01/26/2026,054,QL-OS012626-01,ITC,CLEANING MATERIALS,ISOPROPHY ALCOHOL 70%,2, ₱ 246.30 , ₱ 492.60 , ₱ 332.50 , ₱ 665.00 ,, ₱ 172.40 ,26%,,,,,,,,,,,
01/26/2026,054,QL-OS012626-01,ITC,CLEANING MATERIALS,ZONROX  COLORSAFE,2, ₱ 67.85 , ₱ 135.70 , ₱ 91.60 , ₱ 183.20 ,, ₱ 47.50 ,26%,,,,,,,,,,,
01/26/2026,054,QL-OS012626-01,ITC,CLEANING MATERIALS,DOWNY FABRIC CONDITIONER,2, ₱ 125.93 , ₱ 251.86 , ₱ 170.00 , ₱ 340.00 ,, ₱ 88.14 ,26%,,,,,,,,,,,
01/26/2026,054,QL-OS012626-01,ITC,CLEANING MATERIALS,JOY DISHWASHING LIQUID,1, ₱ 109.00 , ₱ 109.00 , ₱ 147.15 , ₱ 147.15 ,, ₱ 38.15 ,26%,,,,,,,,,,,
01/26/2026,054,QL-OS012626-01,ITC,CLEANING MATERIALS,DISH CLOTH TOWEL,5, ₱ 59.26 , ₱ 296.30 , ₱ 80.00 , ₱ 400.00 ,, ₱ 103.70 ,26%,,,,,,,,,,,
01/26/2026,054,QL-OS012626-01,ITC,CLEANING MATERIALS,SMALL TORNADO MOP REFILL,6, ₱ 60.00 , ₱ 360.00 , ₱ 81.00 , ₱ 486.00 ,, ₱ 126.00 ,26%,,,,,,,,,,,
01/26/2026,054,QL-OS012626-01,ITC,MATERIALS,MEDIUM PLASTIC TUPPERWARE CLEAR,10, ₱ 59.26 , ₱ 592.60 , ₱ 80.00 , ₱ 800.00 ,, ₱ 207.40 ,26%,,,,,,,,,,,
01/26/2026,054,QL-OS012626-01,ITC,MATERIALS,PLASTIC BREAKER 200ML,2, ₱ 97.78 , ₱ 195.56 , ₱ 132.00 , ₱ 264.00 ,, ₱ 68.44 ,26%,,,,,,,,,,,
01/26/2026,054,QL-OS012626-01,ITC,MATERIALS,PLASTIC BREAKER 300ML,2, ₱ 107.41 , ₱ 214.82 , ₱ 145.00 , ₱ 290.00 ,, ₱ 75.18 ,26%,,,,,,,,,,,
,,,,,,,,,,," ₱ 70,842.97 ",,,,,,,,,,,,,
01/28/2026,055,,SUMOPAK,MATERIALS,BATMASU-1333 PRESSURE GAUGE 63MM FACE DIA.,4," ₱ 5,250.00 "," ₱ 21,000.00 "," ₱ 6,400.00 "," ₱ 25,600.00 ",," ₱ 4,600.00 ",18%,,,,,,,,,,,
,,,,,,,,,,," ₱ 25,600.00 ",,,,,,,,,,,,,
01/28/2026,056,,EZCONN,MATERIALS,SATIN STICKER 12 X 18,8, ₱ 85.00 , ₱ 680.00 , ₱ 120.00 , ₱ 960.00 ,, ₱ 280.00 ,29%,,,,,,,,,,,
,,,,,,,,,,, ₱ 960.00 ,,,,,,,,,,,,,
01/28/2026,057,MPO-2026-01-056,YAHORNG,OFFICE SUPPLY,COLORED PAPER A4 (PEACH),2, ₱ 278.00 , ₱ 556.00 , ₱ 385.00 , ₱ 770.00 ,, ₱ 214.00 ,28%,,,,,,,,,,,
01/28/2026,057,MPO-2026-01-056,YAHORNG,OFFICE SUPPLY,COLORED PAPER A4 (TARO),2, ₱ 278.00 , ₱ 556.00 , ₱ 385.00 , ₱ 770.00 ,, ₱ 214.00 ,28%,,,,,,,,,,,
01/28/2026,057,MPO-2026-01-056,YAHORNG,OFFICE SUPPLY,WHITE FOLDER A4,10, ₱ 3.30 , ₱ 33.00 , ₱ 4.62 , ₱ 46.20 ,, ₱ 13.20 ,29%,,,,,,,,,,,
01/28/2026,057,MPO-2026-01-056,YAHORNG,MATERIALS,REFLECTORIZED TAPE (YELLOW) 30M,2, ₱ 230.00 , ₱ 460.00 , ₱ 332.00 , ₱ 664.00 ,, ₱ 204.00 ,31%,,,,,,,,,,,
,,,,,,,,,,," ₱ 2,250.20 ",,,,,,,,,,,,,
01/28/2026,058,ADMNPO-2026-001-066,COVAC,OFFICE SUPPLY,CLEARSHEET A4,1, ₱ 130.00 , ₱ 130.00 , ₱ 175.50 , ₱ 175.50 ,, ₱ 45.50 ,26%,,,,,,,,,,,
01/28/2026,058,ADMNPO-2026-001-066,COVAC,OFFICE SUPPLY,LONG EXPANDABLE FOLDER (GREEN),10, ₱ 13.00 , ₱ 130.00 , ₱ 20.25 , ₱ 202.50 ,, ₱ 72.50 ,36%,,,,,,,,,,,
,,,,,,,,,,, ₱ 378.00 ,,,,,,,,,,,,,
01/28/2026,059,ADMNPO-2026-001-067,COVAC,OFFICE SUPPLY,HARDCOPY A4,15, ₱ 138.00 ," ₱ 2,070.00 ", ₱ 205.00 ," ₱ 3,075.00 ",," ₱ 1,005.00 ",33%,,,,,,,,,,,
01/28/2026,059,ADMNPO-2026-001-067,COVAC,OFFICE SUPPLY,PENCIL NO. 2,5, ₱ 11.00 , ₱ 55.00 , ₱ 16.20 , ₱ 81.00 ,, ₱ 26.00 ,32%,,,,,,,,,,,
01/28/2026,059,ADMNPO-2026-001-067,COVAC,OFFICE SUPPLY,CLEARSHEET A4,2, ₱ 130.00 , ₱ 260.00 , ₱ 175.50 , ₱ 351.00 ,, ₱ 91.00 ,26%,,,,,,,,,,,
01/28/2026,059,ADMNPO-2026-001-067,COVAC,OFFICE SUPPLY,HBW STICKY NOTES 3X3,5, ₱ 15.00 , ₱ 75.00 , ₱ 20.25 , ₱ 101.25 ,, ₱ 26.25 ,26%,,,,,,,,,,,
01/28/2026,059,ADMNPO-2026-001-067,COVAC,OFFICE SUPPLY,COATED CLIPS NO. 33,2, ₱ 9.00 , ₱ 18.00 , ₱ 12.15 , ₱ 24.30 ,, ₱ 6.30 ,26%,,,,,,,,,,,
01/28/2026,059,ADMNPO-2026-001-067,COVAC,OFFICE SUPPLY,STAPLER WIRE NO. 35 TIGER,1, ₱ 22.00 , ₱ 22.00 , ₱ 32.40 , ₱ 32.40 ,, ₱ 10.40 ,32%,,,,,,,,,,,
,,,,,,,,,,," ₱ 3,664.95 ",,,,,,,,,,,,,
01/28/2026,060,ADMNPO-2026-001-069,COVAC,OFFICE SUPPLY,NEWSPRINT A4,10, ₱ 84.00 , ₱ 840.00 , ₱ 135.00 ," ₱ 1,350.00 ",, ₱ 510.00 ,38%,,,,,,,,,,,
01/28/2026,060,ADMNPO-2026-001-069,COVAC,OFFICE SUPPLY,WHITEBOARD MARKER ARTLINE 2MM,10, ₱ 35.00 , ₱ 350.00 , ₱ 49.95 , ₱ 499.50 ,, ₱ 149.50 ,30%,,,,,,,,,,,
01/28/2026,060,ADMNPO-2026-001-069,COVAC,OFFICE SUPPLY,STAPLER WIRE NO. 35 TIGER,1, ₱ 22.00 , ₱ 22.00 , ₱ 32.40 , ₱ 32.40 ,, ₱ 10.40 ,32%,,,,,,,,,,,
,,,,,,,,,,," ₱ 1,881.90 ",,,,,,,,,,,,,
01/28/2026,061,PO00005341,ENKEI,OFFICE SUPPLY,ELECTRONIC CONTACT CLEANER,10, ₱ 130.00 ," ₱ 1,300.00 ", ₱ 332.50 ," ₱ 3,325.00 ",," ₱ 2,025.00 ",61%,,,,,,,,,,,
,,,,,,,,,,," ₱ 3,325.00 ",,,,,,,,,,,,,
01/29/2026,061,2026-00048,ASTI,CLEANING MATERIALS,GARBAGE BAG LARGE 100's,1, ₱ 220.00 , ₱ 220.00 , ₱ 264.00 , ₱ 264.00 ,, ₱ 44.00 ,17%,,,,,,,,,,,
01/29/2026,061,2026-00048,ASTI,OFFICE SUPPLY,A4 BONDPAPER HARDCOPY,5, ₱ 180.00 , ₱ 900.00 , ₱ 208.80 ," ₱ 1,044.00 ",, ₱ 144.00 ,14%,,,,,,,,,,,
,,,,,,,,,,," ₱ 1,308.00 ",,,,,,,,,,,,,
01/29/2026,062,2026-00053,ASTI,OFFICE SUPPLY,BLUE NAPPCO 80GSM,5, ₱ 335.00 ," ₱ 1,675.00 ", ₱ 500.00 ," ₱ 2,500.00 ",, ₱ 825.00 ,33%,,,,,,,,,,,
01/29/2026,062,2026-00053,ASTI,OFFICE SUPPLY,A4 BONDPAPER HARDCOPY,25, ₱ 180.00 ," ₱ 4,500.00 ", ₱ 208.80 ," ₱ 5,220.00 ",, ₱ 720.00 ,14%,,,,,,,,,,,
,,,,,,,,,,," ₱ 7,720.00 ",,,,,,,,,,,,,
01/29/2026,063,,KINPO,MATERIALS,MOTOLITE BATTERY,6," ₱ 6,000.00 "," ₱ 36,000.00 "," ₱ 7,200.00 "," ₱ 43,200.00 ",," ₱ 7,200.00 ",17%,,,,,,,,,,,
,,,,,,,,,,," ₱ 43,200.00 ",,,,,,,,,,,,,
01/30/2026,064,PHC0414-260100039,CHANGHONG,CONSUMABLES,STRETCH FILM 20MIC X 500MM X 1.8KG,3, ₱ 180.00 , ₱ 540.00 , ₱ 316.25 , ₱ 948.75 ,, ₱ 408.75 ,43%,,,,,,,,,,,
01/30/2026,064,PHC0414-260100039,CHANGHONG,CONSUMABLES,STRETCH FILM 20MIC X 500MM X 1.8KG,10, ₱ 180.00 ," ₱ 1,800.00 ", ₱ 316.25 ," ₱ 3,162.50 ",," ₱ 1,362.50 ",43%,,,,,,,,,,,
01/30/2026,064,PHC0414-260100039,CHANGHONG,CONSUMABLES,STRETCH FILM 20MIC X 500MM X 1.8KG,3, ₱ 180.00 , ₱ 540.00 , ₱ 316.25 , ₱ 948.75 ,, ₱ 408.75 ,43%,,,,,,,,,,,
,,,,,,,,,,," ₱ 5,060.00 ",,,,,,,,,,,,,
01/30/2026,065,0009070,SANKO,OFFICE SUPPLY,STICKY NOTE 2X3,1, ₱ 14.00 , ₱ 14.00 , ₱ 15.96 , ₱ 15.96 ,, ₱ 1.96 ,12%,,,,,,,,,,,
01/30/2026,065,0009070,SANKO,OFFICE SUPPLY,SMALL ENVELOPE WHITE 50PCS/PACK,3, ₱ 50.00 , ₱ 150.00 , ₱ 66.50 , ₱ 199.50 ,, ₱ 49.50 ,25%,,,,,,,,,,,
01/30/2026,064,0009070,SANKO,OFFICE SUPPLY,STICKY NOTE 3X3,4, ₱ 18.25 , ₱ 73.00 , ₱ 19.95 , ₱ 79.80 ,, ₱ 6.80 ,9%,,,,,,,,,,,
01/30/2026,064,0009070,SANKO,OFFICE SUPPLY,SHORT BROWN ENVELOPE,3, ₱ 1.50 , ₱ 4.50 , ₱ 2.39 , ₱ 7.17 ,, ₱ 2.67 ,37%,,,,,,,,,,,
01/30/2026,064,0009070,SANKO,OFFICE SUPPLY,LONG BROWN ENVELOPE,3, ₱ 2.00 , ₱ 6.00 , ₱ 3.19 , ₱ 9.57 ,, ₱ 3.57 ,37%,,,,,,,,,,,
01/30/2026,064,0009070,SANKO,OFFICE SUPPLY,WHITE FOLDER LONG,3, ₱ 3.00 , ₱ 9.00 , ₱ 5.05 , ₱ 15.15 ,, ₱ 6.15 ,41%,,,,,,,,,,,
01/30/2026,064,0009070,SANKO,OFFICE SUPPLY,"BINDER CLIP 2""",2, ₱ 55.00 , ₱ 110.00 , ₱ 73.15 , ₱ 146.30 ,, ₱ 36.30 ,25%,,,,,,,,,,,
01/30/2026,064,0009070,SANKO,OFFICE SUPPLY,"BINDER CLIP 3/4""",3, ₱ 13.00 , ₱ 39.00 , ₱ 14.63 , ₱ 43.89 ,, ₱ 4.89 ,11%,,,,,,,,,,,
01/30/2026,064,0009070,SANKO,OFFICE SUPPLY,SPECIALTY PAPER BRAND WORKS 200GSM A4,10, ₱ 40.00 , ₱ 400.00 , ₱ 53.20 , ₱ 532.00 ,, ₱ 132.00 ,25%,,,,,,,,,,,
01/30/2026,064,0009070,SANKO,OFFICE SUPPLY,STICKY ARROW,2, ₱ 13.00 , ₱ 26.00 , ₱ 14.30 , ₱ 28.60 ,, ₱ 2.60 ,9%,,,,,,,,,,,
01/30/2026,064,0009070,SANKO,OFFICE SUPPLY,PAPER CLIP SMALL,3, ₱ 9.00 , ₱ 27.00 , ₱ 11.97 , ₱ 35.91 ,, ₱ 8.91 ,25%,,,,,,,,,,,
,,,,,,,,,,," ₱ 1,113.85 ",,,,,,,,,,,,,
,,,,,,,, ₱ -   ,, ₱ -   ,, ₱ -   ,#DIV/0!,,,,,,,,,,,
,,,,,,,, ₱ -   ,, ₱ -   ,, ₱ -   ,#DIV/0!,,,,,,,,,,,
,,,,,,,, ₱ -   ,, ₱ -   ,, ₱ -   ,#DIV/0!,,,,,,,,,,,
,,,,,,,, ₱ -   ,, ₱ -   ,, ₱ -   ,#DIV/0!,,,,,,,,,,,
,,,,,,,, ₱ -   ,, ₱ -   ,, ₱ -   ,#DIV/0!,,,,,,,,,,,
,,,,,,,, ₱ -   ,, ₱ -   ,, ₱ -   ,#DIV/0!,,,,,,,,,,,
,,,,,,,, ₱ -   ,, ₱ -   ,, ₱ -   ,#DIV/0!,,,,,,,,,,,
,,,,,,,, ₱ -   ,, ₱ -   ,, ₱ -   ,#DIV/0!,,,,,,,,,,,
,,,,,,,, ₱ -   ,, ₱ -   ,, ₱ -   ,#DIV/0!,,,,,,,,,,,
,,,,,,,, ₱ -   ,, ₱ -   ,, ₱ -   ,#DIV/0!,,,,,,,,,,,
,,,,,,,, ₱ -   ,, ₱ -   ,, ₱ -   ,#DIV/0!,,,,,,,,,,,
,,,,,,,, ₱ -   ,, ₱ -   ,, ₱ -   ,#DIV/0!,,,,,,,,,,,
,,,,,,,, ₱ -   ,, ₱ -   ,, ₱ -   ,#DIV/0!,,,,,,,,,,,
,,,,,,,, ₱ -   ,, ₱ -   ,, ₱ -   ,#DIV/0!,,,,,,,,,,,
,,,,,,,, ₱ -   ,, ₱ -   ,, ₱ -   ,#DIV/0!,,,,,,,,,,,
,,,,,,,," ₱ 734,605.06 ",," ₱ 1,027,276.84 "," ₱ 1,027,276.84 "," ₱ 292,671.78 ",28%,,,,,,,,,,,